timestamp,zona,lambda_arr,mu_servicio,c_activas,rho,Lq,Wq,W,estable,cabinas_recomendadas,accion
2026-05-14 14:09:44,checkin,3.43,0.286,4,1.0,inf,inf,inf,False,12,CRITICO
2026-05-14 14:09:44,bagdrop,2.45,0.5,2,1.0,inf,inf,inf,False,6,CRITICO
2026-05-14 14:09:44,seguridad,8.5,0.833,2,1.0,inf,inf,inf,False,6,CRITICO
2026-05-14 14:09:44,pasaportes,5.756,0.5,2,1.0,inf,inf,inf,False,8,CRITICO
2026-05-14 14:09:44,embarque,8.447,2.0,2,1.0,inf,inf,inf,False,4,CRITICO
2026-05-14 14:09:47,checkin,2.8,0.286,12,0.817,1.82,0.65,4.15,True,11,CERRAR
2026-05-14 14:09:47,bagdrop,2.0,0.5,6,0.667,0.57,0.28,2.28,True,5,CERRAR
2026-05-14 14:09:47,seguridad,11.0,0.833,6,1.0,inf,inf,inf,False,6,CRITICO
2026-05-14 14:09:47,pasaportes,4.888,0.5,8,1.0,inf,inf,inf,False,8,CRITICO
2026-05-14 14:09:47,embarque,10.906,2.0,4,1.0,inf,inf,inf,False,4,CRITICO
2026-05-14 14:09:50,checkin,6.51,0.286,11,1.0,inf,inf,inf,False,12,CRITICO
2026-05-14 14:09:50,bagdrop,4.65,0.5,5,1.0,inf,inf,inf,False,8,CRITICO
2026-05-14 14:09:50,seguridad,16.4,0.833,6,1.0,inf,inf,inf,False,6,CRITICO
2026-05-14 14:09:50,pasaportes,9.895,0.5,8,1.0,inf,inf,inf,False,8,CRITICO
2026-05-14 14:09:50,embarque,18.352,2.0,4,1.0,inf,inf,inf,False,4,CRITICO
2026-05-14 14:09:53,checkin,6.02,0.286,12,1.0,inf,inf,inf,False,12,CRITICO
2026-05-14 14:09:53,bagdrop,4.3,0.5,8,1.0,inf,inf,inf,False,8,CRITICO
2026-05-14 14:09:53,seguridad,19.4,0.833,6,1.0,inf,inf,inf,False,6,CRITICO
2026-05-14 14:09:53,pasaportes,8.182,0.5,8,1.0,inf,inf,inf,False,8,CRITICO
2026-05-14 14:09:53,embarque,16.409,2.0,4,1.0,inf,inf,inf,False,4,CRITICO
2026-05-14 14:09:56,checkin,5.46,0.286,12,1.0,inf,inf,inf,False,12,CRITICO
2026-05-14 14:09:56,bagdrop,3.9,0.5,8,0.975,35.9,9.2,11.2,True,8,OK
2026-05-14 14:09:56,seguridad,16.2,0.833,6,1.0,inf,inf,inf,False,6,CRITICO
2026-05-14 14:09:56,pasaportes,8.822,0.5,8,1.0,inf,inf,inf,False,8,CRITICO
2026-05-14 14:09:56,embarque,17.789,2.0,4,1.0,inf,inf,inf,False,4,CRITICO
2026-05-14 14:09:59,checkin,5.81,0.286,12,1.0,inf,inf,inf,False,12,CRITICO
2026-05-14 14:09:59,bagdrop,4.15,0.5,8,1.0,inf,inf,inf,False,8,CRITICO
2026-05-14 14:09:59,seguridad,19.2,0.833,6,1.0,inf,inf,inf,False,6,CRITICO
2026-05-14 14:09:59,pasaportes,8.21,0.5,8,1.0,inf,inf,inf,False,8,CRITICO
2026-05-14 14:09:59,embarque,15.045,2.0,4,1.0,inf,inf,inf,False,4,CRITICO
2026-05-14 14:10:02,checkin,4.55,0.286,12,1.0,inf,inf,inf,False,12,CRITICO
2026-05-14 14:10:02,bagdrop,3.25,0.5,8,0.812,2.1,0.65,2.65,True,7,CERRAR
2026-05-14 14:10:02,seguridad,13.9,0.833,6,1.0,inf,inf,inf,False,6,CRITICO
2026-05-14 14:10:02,pasaportes,9.764,0.5,8,1.0,inf,inf,inf,False,8,CRITICO
2026-05-14 14:10:02,embarque,14.343,2.0,4,1.0,inf,inf,inf,False,4,CRITICO
2026-05-14 14:10:05,checkin,4.9,0.286,12,1.0,inf,inf,inf,False,12,CRITICO
2026-05-14 14:10:05,bagdrop,3.5,0.5,7,1.0,inf,inf,inf,False,8,CRITICO
2026-05-14 14:10:05,seguridad,14.0,0.833,6,1.0,inf,inf,inf,False,6,CRITICO
2026-05-14 14:10:05,pasaportes,9.175,0.5,8,1.0,inf,inf,inf,False,8,CRITICO
2026-05-14 14:10:05,embarque,13.863,2.0,4,1.0,inf,inf,inf,False,4,CRITICO
2026-05-14 14:10:08,checkin,4.62,0.286,12,1.0,inf,inf,inf,False,12,CRITICO
2026-05-14 14:10:08,bagdrop,3.3,0.5,8,0.825,2.42,0.73,2.73,True,7,CERRAR
2026-05-14 14:10:08,seguridad,16.5,0.833,6,1.0,inf,inf,inf,False,6,CRITICO
2026-05-14 14:10:08,pasaportes,9.706,0.5,8,1.0,inf,inf,inf,False,8,CRITICO
2026-05-14 14:10:08,embarque,18.722,2.0,4,1.0,inf,inf,inf,False,4,CRITICO
2026-05-14 14:10:11,checkin,4.55,0.286,12,1.0,inf,inf,inf,False,12,CRITICO
2026-05-14 14:10:11,bagdrop,3.25,0.5,7,0.929,10.34,3.18,5.18,True,7,OK
2026-05-14 14:10:11,seguridad,16.5,0.833,6,1.0,inf,inf,inf,False,6,CRITICO
2026-05-14 14:10:11,pasaportes,8.756,0.5,8,1.0,inf,inf,inf,False,8,CRITICO
2026-05-14 14:10:11,embarque,16.647,2.0,4,1.0,inf,inf,inf,False,4,CRITICO
2026-05-14 14:10:14,checkin,4.76,0.286,12,1.0,inf,inf,inf,False,12,CRITICO
2026-05-14 14:10:14,bagdrop,3.4,0.5,7,0.971,31.13,9.16,11.16,True,8,ABRIR
2026-05-14 14:10:14,seguridad,14.6,0.833,6,1.0,inf,inf,inf,False,6,CRITICO
2026-05-14 14:10:14,pasaportes,9.643,0.5,8,1.0,inf,inf,inf,False,8,CRITICO
2026-05-14 14:10:14,embarque,15.679,2.0,4,1.0,inf,inf,inf,False,4,CRITICO
2026-05-14 14:10:17,checkin,5.11,0.286,12,1.0,inf,inf,inf,False,12,CRITICO
2026-05-14 14:10:17,bagdrop,3.65,0.5,8,0.912,7.67,2.1,4.1,True,8,OK
2026-05-14 14:10:17,seguridad,16.0,0.833,6,1.0,inf,inf,inf,False,6,CRITICO
2026-05-14 14:10:17,pasaportes,9.2,0.5,8,1.0,inf,inf,inf,False,8,CRITICO
2026-05-14 14:10:17,embarque,16.7,2.0,4,1.0,inf,inf,inf,False,4,CRITICO
2026-05-14 14:10:20,checkin,2.31,0.286,12,0.674,0.31,0.13,3.63,True,9,CERRAR
2026-05-14 14:10:20,bagdrop,1.65,0.5,8,0.412,0.02,0.01,2.01,True,4,CERRAR
2026-05-14 14:10:20,seguridad,6.4,0.833,6,1.0,inf,inf,inf,False,6,CRITICO
2026-05-14 14:10:20,pasaportes,2.67,0.5,8,0.667,0.45,0.17,2.17,True,6,CERRAR
2026-05-14 14:10:20,embarque,4.665,2.0,4,0.583,0.37,0.08,0.58,True,3,CERRAR
2026-05-14 14:10:23,checkin,1.82,0.286,9,0.708,0.62,0.34,3.84,True,7,CERRAR
2026-05-14 14:10:23,bagdrop,1.3,0.5,4,0.65,0.66,0.51,2.51,True,3,CERRAR
2026-05-14 14:10:23,seguridad,6.0,0.833,6,1.0,inf,inf,inf,False,6,CRITICO
2026-05-14 14:10:23,pasaportes,2.875,0.5,6,0.958,20.41,7.1,9.1,True,7,ABRIR
2026-05-14 14:10:23,embarque,6.112,2.0,3,1.0,inf,inf,inf,False,4,CRITICO
2026-05-14 14:10:26,checkin,1.33,0.286,7,0.665,0.49,0.37,3.87,True,6,CERRAR
2026-05-14 14:10:26,bagdrop,0.95,0.5,3,0.633,0.69,0.72,2.72,True,3,OK
2026-05-14 14:10:26,seguridad,4.2,0.833,6,0.84,3.16,0.75,1.95,True,6,OK
2026-05-14 14:10:26,pasaportes,2.022,0.5,7,0.578,0.19,0.1,2.1,True,5,CERRAR
2026-05-14 14:10:26,embarque,3.539,2.0,4,0.442,0.1,0.03,0.53,True,2,CERRAR
2026-05-14 14:10:29,checkin,1.89,0.286,6,1.0,inf,inf,inf,False,8,CRITICO
2026-05-14 14:10:29,bagdrop,1.35,0.5,3,0.9,7.35,5.45,7.45,True,4,ABRIR
2026-05-14 14:10:29,seguridad,5.2,0.833,6,1.0,inf,inf,inf,False,6,CRITICO
2026-05-14 14:10:29,pasaportes,2.435,0.5,5,0.974,35.05,14.39,16.39,True,6,CRITICO
2026-05-14 14:10:29,embarque,3.883,2.0,2,0.971,31.59,8.14,8.64,True,3,ABRIR
2026-05-14 14:10:32,checkin,1.82,0.286,8,0.796,1.76,0.97,4.47,True,7,CERRAR
2026-05-14 14:10:32,bagdrop,1.3,0.5,4,0.65,0.66,0.51,2.51,True,3,CERRAR
2026-05-14 14:10:32,seguridad,5.4,0.833,6,1.0,inf,inf,inf,False,6,CRITICO
2026-05-14 14:10:32,pasaportes,2.857,0.5,6,0.953,17.49,6.12,8.12,True,7,ABRIR
2026-05-14 14:10:32,embarque,5.521,2.0,3,0.92,9.84,1.78,2.28,True,3,OK
2026-05-14 14:10:35,checkin,2.31,0.286,7,1.0,inf,inf,inf,False,9,CRITICO
2026-05-14 14:10:35,bagdrop,1.65,0.5,3,1.0,inf,inf,inf,False,4,CRITICO
2026-05-14 14:10:35,seguridad,6.1,0.833,6,1.0,inf,inf,inf,False,6,CRITICO
2026-05-14 14:10:35,pasaportes,3.136,0.5,7,0.896,6.12,1.95,3.95,True,7,OK
2026-05-14 14:10:35,embarque,5.607,2.0,3,0.934,12.53,2.24,2.74,True,3,OK
2026-05-14 14:10:38,checkin,2.31,0.286,9,0.898,6.01,2.6,6.1,True,9,OK
2026-05-14 14:10:38,bagdrop,1.65,0.5,4,0.825,3.03,1.83,3.83,True,4,OK
2026-05-14 14:10:38,seguridad,6.1,0.833,6,1.0,inf,inf,inf,False,6,CRITICO
2026-05-14 14:10:38,pasaportes,2.136,0.5,7,0.61,0.28,0.13,2.13,True,5,CERRAR
2026-05-14 14:10:38,embarque,4.907,2.0,3,0.818,3.04,0.62,1.12,True,3,OK
2026-05-14 14:10:41,checkin,1.82,0.286,9,0.708,0.62,0.34,3.84,True,7,CERRAR
2026-05-14 14:10:41,bagdrop,1.3,0.5,4,0.65,0.66,0.51,2.51,True,3,CERRAR
2026-05-14 14:10:41,seguridad,4.6,0.833,6,0.92,9.08,1.97,3.17,True,6,OK
2026-05-14 14:10:41,pasaportes,1.868,0.5,5,0.747,1.35,0.72,2.72,True,5,OK
2026-05-14 14:10:41,embarque,3.866,2.0,3,0.644,0.75,0.19,0.69,True,3,OK
2026-05-14 14:10:44,checkin,1.26,0.286,7,0.63,0.34,0.27,3.77,True,5,CERRAR
2026-05-14 14:10:44,bagdrop,0.9,0.5,3,0.6,0.53,0.59,2.59,True,3,OK
2026-05-14 14:10:44,seguridad,4.3,0.833,6,0.86,3.97,0.92,2.12,True,6,OK
2026-05-14 14:10:44,pasaportes,2.284,0.5,5,0.914,8.37,3.67,5.67,True,5,OK
2026-05-14 14:10:44,embarque,5.133,2.0,3,0.856,4.38,0.85,1.35,True,3,OK
2026-05-14 14:10:47,checkin,2.03,0.286,5,1.0,inf,inf,inf,False,8,CRITICO
2026-05-14 14:10:47,bagdrop,1.45,0.5,3,0.967,27.19,18.75,20.75,True,4,CRITICO
2026-05-14 14:10:47,seguridad,6.3,0.833,6,1.0,inf,inf,inf,False,6,CRITICO
2026-05-14 14:10:47,pasaportes,1.759,0.5,5,0.703,0.91,0.52,2.52,True,4,CERRAR
2026-05-14 14:10:47,embarque,5.446,2.0,3,0.908,8.16,1.5,2.0,True,3,OK
2026-05-14 14:10:50,checkin,2.38,0.286,8,1.0,inf,inf,inf,False,9,CRITICO
2026-05-14 14:10:50,bagdrop,1.7,0.5,4,0.85,3.91,2.3,4.3,True,4,OK
2026-05-14 14:10:50,seguridad,5.2,0.833,6,1.0,inf,inf,inf,False,6,CRITICO
2026-05-14 14:10:50,pasaportes,2.485,0.5,4,1.0,inf,inf,inf,False,6,CRITICO
2026-05-14 14:10:50,embarque,5.558,2.0,3,0.926,10.85,1.95,2.45,True,3,OK
2026-05-14 14:10:53,checkin,2.1,0.286,9,0.817,2.09,1.0,4.5,True,8,CERRAR
2026-05-14 14:10:53,bagdrop,1.5,0.5,4,0.75,1.53,1.02,3.02,True,4,OK
2026-05-14 14:10:53,seguridad,4.6,0.833,6,0.92,9.08,1.97,3.17,True,6,OK
2026-05-14 14:10:53,pasaportes,2.367,0.5,6,0.789,1.86,0.78,2.78,True,6,OK
2026-05-14 14:10:53,embarque,3.466,2.0,3,0.578,0.45,0.13,0.63,True,2,CERRAR
2026-05-14 14:10:57,checkin,2.17,0.286,8,0.949,15.8,7.28,10.78,True,9,ABRIR
2026-05-14 14:10:57,bagdrop,1.55,0.5,4,0.775,1.9,1.23,3.23,True,4,OK
2026-05-14 14:10:57,seguridad,6.3,0.833,6,1.0,inf,inf,inf,False,6,CRITICO
2026-05-14 14:10:57,pasaportes,2.659,0.5,6,0.886,5.51,2.07,4.07,True,6,OK
2026-05-14 14:10:57,embarque,4.646,2.0,2,1.0,inf,inf,inf,False,3,CRITICO
2026-05-14 14:11:00,checkin,1.54,0.286,9,0.599,0.18,0.11,3.61,True,6,CERRAR
2026-05-14 14:11:00,bagdrop,1.1,0.5,4,0.55,0.28,0.25,2.25,True,3,CERRAR
2026-05-14 14:11:00,seguridad,3.9,0.833,6,0.78,1.7,0.43,1.63,True,5,CERRAR
2026-05-14 14:11:00,pasaportes,2.489,0.5,6,0.83,2.82,1.13,3.13,True,6,OK
2026-05-14 14:11:00,embarque,5.281,2.0,3,0.88,5.74,1.09,1.59,True,3,OK
2026-05-14 14:11:03,checkin,0.56,0.286,6,0.327,0.01,0.01,3.51,True,3,CERRAR
2026-05-14 14:11:03,bagdrop,0.4,0.5,3,0.267,0.02,0.05,2.05,True,2,CERRAR
2026-05-14 14:11:03,seguridad,1.6,0.833,5,0.384,0.03,0.02,1.22,True,3,CERRAR
2026-05-14 14:11:03,pasaportes,0.88,0.5,6,0.293,0.0,0.0,2.0,True,3,CERRAR
2026-05-14 14:11:03,embarque,2.06,2.0,3,0.343,0.05,0.02,0.52,True,2,CERRAR
2026-05-14 14:11:06,checkin,0.84,0.286,3,0.98,47.16,56.14,59.64,True,4,CRITICO
2026-05-14 14:11:06,bagdrop,0.6,0.5,2,0.6,0.67,1.12,3.12,True,2,OK
2026-05-14 14:11:06,seguridad,2.0,0.833,3,0.8,2.59,1.29,2.49,True,3,OK
2026-05-14 14:11:06,pasaportes,0.675,0.5,3,0.45,0.15,0.23,2.23,True,2,CERRAR
2026-05-14 14:11:06,embarque,1.663,2.0,2,0.416,0.17,0.1,0.6,True,1,CERRAR
2026-05-14 14:11:09,checkin,0.91,0.286,4,0.796,2.3,2.53,6.03,True,4,OK
2026-05-14 14:11:09,bagdrop,0.65,0.5,2,0.65,0.95,1.46,3.46,True,2,OK
2026-05-14 14:11:09,seguridad,2.7,0.833,3,1.0,inf,inf,inf,False,4,CRITICO
2026-05-14 14:11:09,pasaportes,0.804,0.5,2,0.804,2.93,3.65,5.65,True,2,OK
2026-05-14 14:11:09,embarque,2.123,2.0,1,1.0,inf,inf,inf,False,2,CRITICO
2026-05-14 14:11:12,checkin,0.98,0.286,4,0.857,4.23,4.32,7.82,True,4,OK
2026-05-14 14:11:12,bagdrop,0.7,0.5,2,0.7,1.35,1.92,3.92,True,2,OK
2026-05-14 14:11:12,seguridad,1.9,0.833,4,0.57,0.33,0.17,1.37,True,3,CERRAR
2026-05-14 14:11:12,pasaportes,0.664,0.5,2,0.664,1.05,1.58,3.58,True,2,OK
2026-05-14 14:11:12,embarque,1.693,2.0,2,0.423,0.18,0.11,0.61,True,1,CERRAR
2026-05-14 14:11:15,checkin,0.63,0.286,4,0.551,0.28,0.44,3.94,True,3,CERRAR
2026-05-14 14:11:15,bagdrop,0.45,0.5,2,0.45,0.23,0.51,2.51,True,2,OK
2026-05-14 14:11:15,seguridad,1.6,0.833,3,0.64,0.72,0.45,1.65,True,3,OK
2026-05-14 14:11:15,pasaportes,0.53,0.5,2,0.53,0.41,0.78,2.78,True,2,OK
2026-05-14 14:11:15,embarque,1.685,2.0,1,0.843,4.51,2.67,3.17,True,1,OK
2026-05-14 14:11:18,checkin,0.7,0.286,3,0.817,3.0,4.29,7.79,True,3,OK
2026-05-14 14:11:18,bagdrop,0.5,0.5,2,0.5,0.33,0.67,2.67,True,2,OK
2026-05-14 14:11:18,seguridad,1.7,0.833,3,0.68,0.98,0.58,1.78,True,3,OK
2026-05-14 14:11:18,pasaportes,1.091,0.5,2,1.0,inf,inf,inf,False,3,CRITICO
2026-05-14 14:11:18,embarque,1.579,2.0,1,0.79,2.97,1.88,2.38,True,1,OK
2026-05-14 14:11:21,checkin,0.98,0.286,3,1.0,inf,inf,inf,False,4,CRITICO
2026-05-14 14:11:21,bagdrop,0.7,0.5,2,0.7,1.35,1.92,3.92,True,2,OK
2026-05-14 14:11:21,seguridad,2.3,0.833,3,0.92,9.81,4.26,5.46,True,3,OK
2026-05-14 14:11:21,pasaportes,0.609,0.5,3,0.406,0.1,0.16,2.16,True,2,CERRAR
2026-05-14 14:11:21,embarque,1.371,2.0,1,0.685,1.49,1.09,1.59,True,1,OK
2026-05-14 14:11:24,checkin,0.91,0.286,4,0.796,2.3,2.53,6.03,True,4,OK
2026-05-14 14:11:24,bagdrop,0.65,0.5,2,0.65,0.95,1.46,3.46,True,2,OK
2026-05-14 14:11:24,seguridad,2.2,0.833,3,0.88,5.73,2.61,3.81,True,3,OK
2026-05-14 14:11:24,pasaportes,1.098,0.5,2,1.0,inf,inf,inf,False,3,CRITICO
2026-05-14 14:11:24,embarque,1.701,2.0,1,0.851,4.84,2.85,3.35,True,1,OK
2026-05-14 14:11:27,checkin,0.84,0.286,4,0.735,1.34,1.6,5.1,True,4,OK
2026-05-14 14:11:27,bagdrop,0.6,0.5,2,0.6,0.67,1.12,3.12,True,2,OK
2026-05-14 14:11:27,seguridad,1.7,0.833,3,0.68,0.98,0.58,1.78,True,3,OK
2026-05-14 14:11:27,pasaportes,0.891,0.5,3,0.594,0.51,0.57,2.57,True,3,OK
2026-05-14 14:11:27,embarque,1.879,2.0,1,0.94,14.64,7.79,8.29,True,2,ABRIR
2026-05-14 14:11:30,checkin,1.05,0.286,4,0.919,9.34,8.9,12.4,True,5,ABRIR
2026-05-14 14:11:30,bagdrop,0.75,0.5,2,0.75,1.93,2.57,4.57,True,2,OK
2026-05-14 14:11:30,seguridad,2.8,0.833,3,1.0,inf,inf,inf,False,4,CRITICO
2026-05-14 14:11:30,pasaportes,1.065,0.5,3,0.71,1.24,1.17,3.17,True,3,OK
2026-05-14 14:11:30,embarque,2.167,2.0,2,0.542,0.45,0.21,0.71,True,2,OK
2026-05-14 14:11:33,checkin,1.05,0.286,5,0.735,1.21,1.15,4.65,True,5,OK
2026-05-14 14:11:33,bagdrop,0.75,0.5,2,0.75,1.93,2.57,4.57,True,2,OK
2026-05-14 14:11:33,seguridad,2.8,0.833,4,0.84,3.52,1.26,2.46,True,4,OK
2026-05-14 14:11:33,pasaportes,0.765,0.5,3,0.51,0.26,0.34,2.34,True,2,CERRAR
2026-05-14 14:11:33,embarque,1.518,2.0,2,0.379,0.13,0.08,0.58,True,1,CERRAR
2026-05-14 14:11:36,checkin,0.7,0.286,5,0.49,0.12,0.17,3.67,True,3,CERRAR
2026-05-14 14:11:36,bagdrop,0.5,0.5,2,0.5,0.33,0.67,2.67,True,2,OK
2026-05-14 14:11:36,seguridad,2.1,0.833,4,0.63,0.56,0.26,1.46,True,3,CERRAR
2026-05-14 14:11:36,pasaportes,0.836,0.5,2,0.836,3.89,4.65,6.65,True,2,OK
2026-05-14 14:11:36,embarque,1.707,2.0,1,0.853,4.97,2.91,3.41,True,1,OK
2026-05-14 14:11:39,checkin,1.4,0.286,3,1.0,inf,inf,inf,False,6,CRITICO
2026-05-14 14:11:39,bagdrop,1.0,0.5,2,1.0,inf,inf,inf,False,3,CRITICO
2026-05-14 14:11:39,seguridad,5.4,0.833,3,1.0,inf,inf,inf,False,6,CRITICO
2026-05-14 14:11:39,pasaportes,1.958,0.5,2,1.0,inf,inf,inf,False,5,CRITICO
2026-05-14 14:11:39,embarque,4.571,2.0,1,1.0,inf,inf,inf,False,3,CRITICO
2026-05-14 14:11:42,checkin,1.47,0.286,6,0.858,3.86,2.62,6.12,True,6,OK
2026-05-14 14:11:42,bagdrop,1.05,0.5,3,0.7,1.15,1.09,3.09,True,3,OK
2026-05-14 14:11:42,seguridad,5.0,0.833,6,1.0,inf,inf,inf,False,6,CRITICO
2026-05-14 14:11:42,pasaportes,2.163,0.5,5,0.865,4.4,2.03,4.03,True,5,OK
2026-05-14 14:11:42,embarque,4.269,2.0,3,0.711,1.26,0.29,0.79,True,3,OK
2026-05-14 14:11:45,checkin,1.61,0.286,6,0.939,12.93,8.03,11.53,True,7,ABRIR
2026-05-14 14:11:45,bagdrop,1.15,0.5,3,0.767,1.95,1.7,3.7,True,3,OK
2026-05-14 14:11:45,seguridad,5.8,0.833,6,1.0,inf,inf,inf,False,6,CRITICO
2026-05-14 14:11:45,pasaportes,2.652,0.5,5,1.0,inf,inf,inf,False,6,CRITICO
2026-05-14 14:11:45,embarque,6.024,2.0,3,1.0,inf,inf,inf,False,4,CRITICO
2026-05-14 14:11:48,checkin,2.1,0.286,7,1.0,inf,inf,inf,False,8,CRITICO
2026-05-14 14:11:48,bagdrop,1.5,0.5,3,1.0,inf,inf,inf,False,4,CRITICO
2026-05-14 14:11:48,seguridad,6.1,0.833,6,1.0,inf,inf,inf,False,6,CRITICO
2026-05-14 14:11:48,pasaportes,2.286,0.5,6,0.762,1.42,0.62,2.62,True,5,CERRAR
2026-05-14 14:11:48,embarque,5.132,2.0,4,0.641,0.61,0.12,0.62,True,3,CERRAR
2026-05-14 14:11:51,checkin,1.96,0.286,8,0.857,3.56,1.81,5.31,True,8,OK
2026-05-14 14:11:51,bagdrop,1.4,0.5,4,0.7,1.0,0.71,2.71,True,4,OK
2026-05-14 14:11:51,seguridad,4.7,0.833,6,0.94,13.16,2.8,4.0,True,6,OK
2026-05-14 14:11:51,pasaportes,2.729,0.5,5,1.0,inf,inf,inf,False,6,CRITICO
2026-05-14 14:11:51,embarque,5.711,2.0,3,0.952,17.96,3.15,3.65,True,3,OK
2026-05-14 14:11:54,checkin,1.54,0.286,8,0.674,0.48,0.31,3.81,True,6,CERRAR
2026-05-14 14:11:54,bagdrop,1.1,0.5,4,0.55,0.28,0.25,2.25,True,3,CERRAR
2026-05-14 14:11:54,seguridad,5.7,0.833,6,1.0,inf,inf,inf,False,6,CRITICO
2026-05-14 14:11:54,pasaportes,3.091,0.5,6,1.0,inf,inf,inf,False,7,CRITICO
2026-05-14 14:11:54,embarque,5.879,2.0,3,0.98,46.9,7.98,8.48,True,4,ABRIR
2026-05-14 14:11:57,checkin,2.1,0.286,6,1.0,inf,inf,inf,False,8,CRITICO
2026-05-14 14:11:57,bagdrop,1.5,0.5,3,1.0,inf,inf,inf,False,4,CRITICO
2026-05-14 14:11:57,seguridad,5.3,0.833,6,1.0,inf,inf,inf,False,6,CRITICO
2026-05-14 14:11:57,pasaportes,2.646,0.5,7,0.756,1.24,0.47,2.47,True,6,CERRAR
2026-05-14 14:11:57,embarque,5.652,2.0,4,0.706,1.06,0.19,0.69,True,3,CERRAR
2026-05-14 14:12:00,checkin,2.1,0.286,8,0.919,8.52,4.06,7.56,True,8,OK
2026-05-14 14:12:00,bagdrop,1.5,0.5,4,0.75,1.53,1.02,3.02,True,4,OK
2026-05-14 14:12:00,seguridad,5.1,0.833,6,1.0,inf,inf,inf,False,6,CRITICO
2026-05-14 14:12:00,pasaportes,3.174,0.5,6,1.0,inf,inf,inf,False,7,CRITICO
2026-05-14 14:12:00,embarque,5.488,2.0,3,0.915,9.04,1.65,2.15,True,3,OK
2026-05-14 14:12:03,checkin,1.26,0.286,8,0.551,0.12,0.09,3.59,True,5,CERRAR
2026-05-14 14:12:03,bagdrop,0.9,0.5,4,0.45,0.11,0.12,2.12,True,3,CERRAR
2026-05-14 14:12:03,seguridad,4.3,0.833,6,0.86,3.97,0.92,2.12,True,6,OK
2026-05-14 14:12:03,pasaportes,2.384,0.5,7,0.681,0.58,0.24,2.24,True,6,CERRAR
2026-05-14 14:12:03,embarque,4.083,2.0,3,0.681,0.99,0.24,0.74,True,3,OK
2026-05-14 14:12:06,checkin,1.96,0.286,5,1.0,inf,inf,inf,False,8,CRITICO
2026-05-14 14:12:06,bagdrop,1.4,0.5,3,0.933,12.27,8.77,10.77,True,4,ABRIR
2026-05-14 14:12:06,seguridad,4.7,0.833,6,0.94,13.16,2.8,4.0,True,6,OK
2026-05-14 14:12:06,pasaportes,2.079,0.5,6,0.693,0.73,0.35,2.35,True,5,CERRAR
2026-05-14 14:12:06,embarque,4.686,2.0,3,0.781,2.2,0.47,0.97,True,3,OK
2026-05-14 14:12:09,checkin,2.03,0.286,8,0.888,5.32,2.62,6.12,True,8,OK
2026-05-14 14:12:09,bagdrop,1.45,0.5,4,0.725,1.23,0.85,2.85,True,4,OK
2026-05-14 14:12:09,seguridad,5.5,0.833,6,1.0,inf,inf,inf,False,6,CRITICO
2026-05-14 14:12:09,pasaportes,2.869,0.5,5,1.0,inf,inf,inf,False,7,CRITICO
2026-05-14 14:12:09,embarque,5.141,2.0,3,0.857,4.44,0.86,1.36,True,3,OK
2026-05-14 14:12:12,checkin,2.17,0.286,8,0.949,15.8,7.28,10.78,True,9,ABRIR
2026-05-14 14:12:12,bagdrop,1.55,0.5,4,0.775,1.9,1.23,3.23,True,4,OK
2026-05-14 14:12:12,seguridad,5.4,0.833,6,1.0,inf,inf,inf,False,6,CRITICO
2026-05-14 14:12:12,pasaportes,2.607,0.5,7,0.745,1.1,0.42,2.42,True,6,CERRAR
2026-05-14 14:12:12,embarque,3.846,2.0,3,0.641,0.73,0.19,0.69,True,3,OK
2026-05-14 14:12:15,checkin,3.99,0.286,9,1.0,inf,inf,inf,False,12,CRITICO
2026-05-14 14:12:15,bagdrop,2.85,0.5,4,1.0,inf,inf,inf,False,7,CRITICO
2026-05-14 14:12:15,seguridad,10.5,0.833,6,1.0,inf,inf,inf,False,6,CRITICO
2026-05-14 14:12:15,pasaportes,5.731,0.5,6,1.0,inf,inf,inf,False,8,CRITICO
2026-05-14 14:12:15,embarque,8.159,2.0,3,1.0,inf,inf,inf,False,4,CRITICO
2026-05-14 14:12:18,checkin,3.85,0.286,12,1.0,inf,inf,inf,False,12,CRITICO
2026-05-14 14:12:18,bagdrop,2.75,0.5,7,0.786,1.67,0.61,2.61,True,6,CERRAR
2026-05-14 14:12:18,seguridad,9.4,0.833,6,1.0,inf,inf,inf,False,6,CRITICO
2026-05-14 14:12:18,pasaportes,4.258,0.5,8,1.0,inf,inf,inf,False,8,CRITICO
2026-05-14 14:12:18,embarque,8.971,2.0,4,1.0,inf,inf,inf,False,4,CRITICO
2026-05-14 14:12:21,checkin,2.45,0.286,12,0.715,0.52,0.21,3.71,True,10,CERRAR
2026-05-14 14:12:21,bagdrop,1.75,0.5,6,0.583,0.25,0.14,2.14,True,4,CERRAR
2026-05-14 14:12:21,seguridad,7.6,0.833,6,1.0,inf,inf,inf,False,6,CRITICO
2026-05-14 14:12:21,pasaportes,4.505,0.5,8,1.0,inf,inf,inf,False,8,CRITICO
2026-05-14 14:12:21,embarque,8.498,2.0,4,1.0,inf,inf,inf,False,4,CRITICO
2026-05-14 14:12:24,checkin,2.59,0.286,10,0.906,6.67,2.58,6.08,True,10,OK
2026-05-14 14:12:24,bagdrop,1.85,0.5,4,0.925,10.35,5.59,7.59,True,5,ABRIR
2026-05-14 14:12:24,seguridad,9.7,0.833,6,1.0,inf,inf,inf,False,6,CRITICO
2026-05-14 14:12:24,pasaportes,5.491,0.5,8,1.0,inf,inf,inf,False,8,CRITICO
2026-05-14 14:12:24,embarque,8.729,2.0,4,1.0,inf,inf,inf,False,4,CRITICO
2026-05-14 14:12:27,checkin,2.94,0.286,10,1.0,inf,inf,inf,False,11,CRITICO
2026-05-14 14:12:27,bagdrop,2.1,0.5,5,0.84,3.33,1.58,3.58,True,5,OK
2026-05-14 14:12:27,seguridad,10.4,0.833,6,1.0,inf,inf,inf,False,6,CRITICO
2026-05-14 14:12:27,pasaportes,6.67,0.5,8,1.0,inf,inf,inf,False,8,CRITICO
2026-05-14 14:12:27,embarque,11.365,2.0,4,1.0,inf,inf,inf,False,4,CRITICO
2026-05-14 14:12:30,checkin,2.8,0.286,11,0.891,5.12,1.83,5.33,True,11,OK
2026-05-14 14:12:30,bagdrop,2.0,0.5,5,0.8,2.22,1.11,3.11,True,5,OK
2026-05-14 14:12:30,seguridad,10.6,0.833,6,1.0,inf,inf,inf,False,6,CRITICO
2026-05-14 14:12:30,pasaportes,6.092,0.5,8,1.0,inf,inf,inf,False,8,CRITICO
2026-05-14 14:12:30,embarque,9.204,2.0,4,1.0,inf,inf,inf,False,4,CRITICO
2026-05-14 14:12:33,checkin,3.64,0.286,11,1.0,inf,inf,inf,False,12,CRITICO
2026-05-14 14:12:33,bagdrop,2.6,0.5,5,1.0,inf,inf,inf,False,6,CRITICO
2026-05-14 14:12:33,seguridad,8.8,0.833,6,1.0,inf,inf,inf,False,6,CRITICO
2026-05-14 14:12:33,pasaportes,4.49,0.5,8,1.0,inf,inf,inf,False,8,CRITICO
2026-05-14 14:12:33,embarque,8.305,2.0,4,1.0,inf,inf,inf,False,4,CRITICO
2026-05-14 14:12:36,checkin,4.2,0.286,12,1.0,inf,inf,inf,False,12,CRITICO
2026-05-14 14:12:36,bagdrop,3.0,0.5,6,1.0,inf,inf,inf,False,7,CRITICO
2026-05-14 14:12:36,seguridad,12.5,0.833,6,1.0,inf,inf,inf,False,6,CRITICO
2026-05-14 14:12:36,pasaportes,5.806,0.5,8,1.0,inf,inf,inf,False,8,CRITICO
2026-05-14 14:12:36,embarque,9.872,2.0,4,1.0,inf,inf,inf,False,4,CRITICO
2026-05-14 14:12:39,checkin,2.45,0.286,12,0.715,0.52,0.21,3.71,True,10,CERRAR
2026-05-14 14:12:39,bagdrop,1.75,0.5,7,0.5,0.08,0.04,2.04,True,4,CERRAR
2026-05-14 14:12:39,seguridad,10.5,0.833,6,1.0,inf,inf,inf,False,6,CRITICO
2026-05-14 14:12:39,pasaportes,4.431,0.5,8,1.0,inf,inf,inf,False,8,CRITICO
2026-05-14 14:12:39,embarque,8.559,2.0,4,1.0,inf,inf,inf,False,4,CRITICO
2026-05-14 14:12:42,checkin,3.64,0.286,10,1.0,inf,inf,inf,False,12,CRITICO
2026-05-14 14:12:42,bagdrop,2.6,0.5,4,1.0,inf,inf,inf,False,6,CRITICO
2026-05-14 14:12:42,seguridad,10.6,0.833,6,1.0,inf,inf,inf,False,6,CRITICO
2026-05-14 14:12:42,pasaportes,6.543,0.5,8,1.0,inf,inf,inf,False,8,CRITICO
2026-05-14 14:12:42,embarque,8.479,2.0,4,1.0,inf,inf,inf,False,4,CRITICO
2026-05-14 14:12:45,checkin,3.22,0.286,12,0.939,11.9,3.69,7.19,True,12,OK
2026-05-14 14:12:45,bagdrop,2.3,0.5,6,0.767,1.49,0.65,2.65,True,5,CERRAR
2026-05-14 14:12:45,seguridad,10.2,0.833,6,1.0,inf,inf,inf,False,6,CRITICO
2026-05-14 14:12:45,pasaportes,3.947,0.5,8,0.987,72.02,18.24,20.24,True,8,CRITICO
2026-05-14 14:12:45,embarque,10.076,2.0,4,1.0,inf,inf,inf,False,4,CRITICO
2026-05-14 14:12:48,checkin,3.92,0.286,12,1.0,inf,inf,inf,False,12,CRITICO
2026-05-14 14:12:48,bagdrop,2.8,0.5,5,1.0,inf,inf,inf,False,6,CRITICO
2026-05-14 14:12:48,seguridad,9.8,0.833,6,1.0,inf,inf,inf,False,6,CRITICO
2026-05-14 14:12:48,pasaportes,6.152,0.5,8,1.0,inf,inf,inf,False,8,CRITICO
2026-05-14 14:12:48,embarque,8.124,2.0,4,1.0,inf,inf,inf,False,4,CRITICO
2026-05-14 14:12:51,checkin,3.99,0.286,12,1.0,inf,inf,inf,False,12,CRITICO
2026-05-14 14:12:51,bagdrop,2.85,0.5,6,0.95,16.45,5.77,7.77,True,7,ABRIR
2026-05-14 14:12:51,seguridad,10.8,0.833,6,1.0,inf,inf,inf,False,6,CRITICO
2026-05-14 14:12:51,pasaportes,5.215,0.5,8,1.0,inf,inf,inf,False,8,CRITICO
2026-05-14 14:12:51,embarque,8.492,2.0,4,1.0,inf,inf,inf,False,4,CRITICO
2026-05-14 14:12:54,checkin,3.78,0.286,12,1.0,inf,inf,inf,False,12,CRITICO
2026-05-14 14:12:54,bagdrop,2.7,0.5,7,0.771,1.44,0.53,2.53,True,6,CERRAR
2026-05-14 14:12:54,seguridad,9.7,0.833,6,1.0,inf,inf,inf,False,6,CRITICO
2026-05-14 14:12:54,pasaportes,5.941,0.5,8,1.0,inf,inf,inf,False,8,CRITICO
2026-05-14 14:12:54,embarque,10.504,2.0,4,1.0,inf,inf,inf,False,4,CRITICO
2026-05-14 14:12:57,checkin,6.65,0.286,12,1.0,inf,inf,inf,False,12,CRITICO
2026-05-14 14:12:57,bagdrop,4.75,0.5,6,1.0,inf,inf,inf,False,8,CRITICO
2026-05-14 14:12:57,seguridad,17.8,0.833,6,1.0,inf,inf,inf,False,6,CRITICO
2026-05-14 14:12:57,pasaportes,9.852,0.5,8,1.0,inf,inf,inf,False,8,CRITICO
2026-05-14 14:12:57,embarque,15.474,2.0,4,1.0,inf,inf,inf,False,4,CRITICO
2026-05-14 14:13:00,checkin,5.74,0.286,12,1.0,inf,inf,inf,False,12,CRITICO
2026-05-14 14:13:00,bagdrop,4.1,0.5,8,1.0,inf,inf,inf,False,8,CRITICO
2026-05-14 14:13:00,seguridad,17.1,0.833,6,1.0,inf,inf,inf,False,6,CRITICO
2026-05-14 14:13:00,pasaportes,8.774,0.5,8,1.0,inf,inf,inf,False,8,CRITICO
2026-05-14 14:13:00,embarque,15.788,2.0,4,1.0,inf,inf,inf,False,4,CRITICO
2026-05-14 14:13:03,checkin,4.97,0.286,12,1.0,inf,inf,inf,False,12,CRITICO
2026-05-14 14:13:03,bagdrop,3.55,0.5,8,0.887,5.27,1.48,3.48,True,8,OK
2026-05-14 14:13:03,seguridad,17.8,0.833,6,1.0,inf,inf,inf,False,6,CRITICO
2026-05-14 14:13:03,pasaportes,11.253,0.5,8,1.0,inf,inf,inf,False,8,CRITICO
2026-05-14 14:13:03,embarque,19.474,2.0,4,1.0,inf,inf,inf,False,4,CRITICO
2026-05-14 14:13:06,checkin,6.16,0.286,12,1.0,inf,inf,inf,False,12,CRITICO
2026-05-14 14:13:06,bagdrop,4.4,0.5,8,1.0,inf,inf,inf,False,8,CRITICO
2026-05-14 14:13:06,seguridad,16.7,0.833,6,1.0,inf,inf,inf,False,6,CRITICO
2026-05-14 14:13:06,pasaportes,9.479,0.5,8,1.0,inf,inf,inf,False,8,CRITICO
2026-05-14 14:13:06,embarque,16.436,2.0,4,1.0,inf,inf,inf,False,4,CRITICO
2026-05-14 14:13:09,checkin,6.65,0.286,12,1.0,inf,inf,inf,False,12,CRITICO
2026-05-14 14:13:09,bagdrop,4.75,0.5,8,1.0,inf,inf,inf,False,8,CRITICO
2026-05-14 14:13:09,seguridad,16.5,0.833,6,1.0,inf,inf,inf,False,6,CRITICO
2026-05-14 14:13:09,pasaportes,10.506,0.5,8,1.0,inf,inf,inf,False,8,CRITICO
2026-05-14 14:13:09,embarque,14.872,2.0,4,1.0,inf,inf,inf,False,4,CRITICO
2026-05-14 14:13:12,checkin,4.83,0.286,12,1.0,inf,inf,inf,False,12,CRITICO
2026-05-14 14:13:12,bagdrop,3.45,0.5,8,0.863,3.79,1.1,3.1,True,8,OK
2026-05-14 14:13:12,seguridad,17.0,0.833,6,1.0,inf,inf,inf,False,6,CRITICO
2026-05-14 14:13:12,pasaportes,9.863,0.5,8,1.0,inf,inf,inf,False,8,CRITICO
2026-05-14 14:13:12,embarque,15.669,2.0,4,1.0,inf,inf,inf,False,4,CRITICO
2026-05-14 14:13:15,checkin,6.02,0.286,12,1.0,inf,inf,inf,False,12,CRITICO
2026-05-14 14:13:15,bagdrop,4.3,0.5,8,1.0,inf,inf,inf,False,8,CRITICO
2026-05-14 14:13:15,seguridad,18.0,0.833,6,1.0,inf,inf,inf,False,6,CRITICO
2026-05-14 14:13:15,pasaportes,10.825,0.5,8,1.0,inf,inf,inf,False,8,CRITICO
2026-05-14 14:13:15,embarque,17.288,2.0,4,1.0,inf,inf,inf,False,4,CRITICO
2026-05-14 14:13:18,checkin,4.69,0.286,12,1.0,inf,inf,inf,False,12,CRITICO
2026-05-14 14:13:18,bagdrop,3.35,0.5,8,0.838,2.8,0.83,2.83,True,8,OK
2026-05-14 14:13:18,seguridad,14.6,0.833,6,1.0,inf,inf,inf,False,6,CRITICO
2026-05-14 14:13:18,pasaportes,9.093,0.5,8,1.0,inf,inf,inf,False,8,CRITICO
2026-05-14 14:13:18,embarque,15.804,2.0,4,1.0,inf,inf,inf,False,4,CRITICO
2026-05-14 14:13:21,checkin,5.32,0.286,12,1.0,inf,inf,inf,False,12,CRITICO
2026-05-14 14:13:21,bagdrop,3.8,0.5,8,0.95,16.04,4.22,6.22,True,8,OK
2026-05-14 14:13:21,seguridad,15.3,0.833,6,1.0,inf,inf,inf,False,6,CRITICO
2026-05-14 14:13:21,pasaportes,8.471,0.5,8,1.0,inf,inf,inf,False,8,CRITICO
2026-05-14 14:13:21,embarque,14.089,2.0,4,1.0,inf,inf,inf,False,4,CRITICO
2026-05-14 14:13:24,checkin,4.62,0.286,12,1.0,inf,inf,inf,False,12,CRITICO
2026-05-14 14:13:24,bagdrop,3.3,0.5,8,0.825,2.42,0.73,2.73,True,7,CERRAR
2026-05-14 14:13:24,seguridad,16.9,0.833,6,1.0,inf,inf,inf,False,6,CRITICO
2026-05-14 14:13:24,pasaportes,10.201,0.5,8,1.0,inf,inf,inf,False,8,CRITICO
2026-05-14 14:13:24,embarque,15.624,2.0,4,1.0,inf,inf,inf,False,4,CRITICO
2026-05-14 14:13:27,checkin,1.4,0.286,12,0.408,0.0,0.0,3.5,True,6,CERRAR
2026-05-14 14:13:27,bagdrop,1.0,0.5,7,0.286,0.0,0.0,2.0,True,3,CERRAR
2026-05-14 14:13:27,seguridad,5.3,0.833,6,1.0,inf,inf,inf,False,6,CRITICO
2026-05-14 14:13:27,pasaportes,2.646,0.5,8,0.662,0.42,0.16,2.16,True,6,CERRAR
2026-05-14 14:13:27,embarque,4.652,2.0,4,0.581,0.37,0.08,0.58,True,3,CERRAR
2026-05-14 14:13:30,checkin,1.26,0.286,6,0.735,1.1,0.87,4.37,True,5,CERRAR
2026-05-14 14:13:30,bagdrop,0.9,0.5,3,0.6,0.53,0.59,2.59,True,3,OK
2026-05-14 14:13:30,seguridad,4.2,0.833,6,0.84,3.16,0.75,1.95,True,6,OK
2026-05-14 14:13:30,pasaportes,2.372,0.5,6,0.791,1.89,0.8,2.8,True,6,OK
2026-05-14 14:13:30,embarque,4.914,2.0,3,0.819,3.07,0.62,1.12,True,3,OK
2026-05-14 14:13:33,checkin,1.33,0.286,5,0.931,11.24,8.45,11.95,True,6,ABRIR
2026-05-14 14:13:33,bagdrop,0.95,0.5,3,0.633,0.69,0.72,2.72,True,3,OK
2026-05-14 14:13:33,seguridad,4.0,0.833,6,0.8,2.07,0.52,1.72,True,6,OK
2026-05-14 14:13:33,pasaportes,2.65,0.5,6,0.883,5.3,2.0,4.0,True,6,OK
2026-05-14 14:13:33,embarque,5.575,2.0,3,0.929,11.4,2.05,2.55,True,3,OK
2026-05-14 14:13:36,checkin,1.4,0.286,6,0.817,2.46,1.76,5.26,True,6,OK
2026-05-14 14:13:36,bagdrop,1.0,0.5,3,0.667,0.89,0.89,2.89,True,3,OK
2026-05-14 14:13:36,seguridad,5.1,0.833,6,1.0,inf,inf,inf,False,6,CRITICO
2026-05-14 14:13:36,pasaportes,2.724,0.5,6,0.908,7.49,2.75,4.75,True,6,OK
2026-05-14 14:13:36,embarque,4.463,2.0,3,0.744,1.62,0.36,0.86,True,3,OK
2026-05-14 14:13:39,checkin,1.96,0.286,6,1.0,inf,inf,inf,False,8,CRITICO
2026-05-14 14:13:39,bagdrop,1.4,0.5,3,0.933,12.27,8.77,10.77,True,4,ABRIR
2026-05-14 14:13:39,seguridad,5.1,0.833,6,1.0,inf,inf,inf,False,6,CRITICO
2026-05-14 14:13:39,pasaportes,2.374,0.5,6,0.791,1.9,0.8,2.8,True,6,OK
2026-05-14 14:13:39,embarque,4.088,2.0,3,0.681,0.99,0.24,0.74,True,3,OK
2026-05-14 14:13:42,checkin,2.31,0.286,8,1.0,inf,inf,inf,False,9,CRITICO
2026-05-14 14:13:42,bagdrop,1.65,0.5,4,0.825,3.03,1.83,3.83,True,4,OK
2026-05-14 14:13:42,seguridad,5.7,0.833,6,1.0,inf,inf,inf,False,6,CRITICO
2026-05-14 14:13:42,pasaportes,2.741,0.5,6,0.914,8.2,2.99,4.99,True,6,OK
2026-05-14 14:13:42,embarque,4.654,2.0,3,0.776,2.1,0.45,0.95,True,3,OK
2026-05-14 14:13:45,checkin,1.54,0.286,9,0.599,0.18,0.11,3.61,True,6,CERRAR
2026-05-14 14:13:45,bagdrop,1.1,0.5,4,0.55,0.28,0.25,2.25,True,3,CERRAR
2026-05-14 14:13:45,seguridad,5.5,0.833,6,1.0,inf,inf,inf,False,6,CRITICO
2026-05-14 14:13:45,pasaportes,2.469,0.5,6,0.823,2.63,1.06,3.06,True,6,OK
2026-05-14 14:13:45,embarque,4.941,2.0,3,0.823,3.2,0.65,1.15,True,3,OK
2026-05-14 14:13:48,checkin,2.38,0.286,6,1.0,inf,inf,inf,False,9,CRITICO
2026-05-14 14:13:48,bagdrop,1.7,0.5,3,1.0,inf,inf,inf,False,4,CRITICO
2026-05-14 14:13:48,seguridad,6.2,0.833,6,1.0,inf,inf,inf,False,6,CRITICO
2026-05-14 14:13:48,pasaportes,2.248,0.5,6,0.749,1.25,0.56,2.56,True,5,CERRAR
2026-05-14 14:13:48,embarque,3.576,2.0,3,0.596,0.52,0.14,0.64,True,2,CERRAR
2026-05-14 14:13:51,checkin,2.03,0.286,9,0.789,1.53,0.76,4.26,True,8,CERRAR
2026-05-14 14:13:51,bagdrop,1.45,0.5,4,0.725,1.23,0.85,2.85,True,4,OK
2026-05-14 14:13:51,seguridad,5.9,0.833,6,1.0,inf,inf,inf,False,6,CRITICO
2026-05-14 14:13:51,pasaportes,2.664,0.5,5,1.0,inf,inf,inf,False,6,CRITICO
2026-05-14 14:13:51,embarque,4.893,2.0,2,1.0,inf,inf,inf,False,3,CRITICO
2026-05-14 14:13:54,checkin,1.89,0.286,8,0.827,2.47,1.31,4.81,True,8,OK
2026-05-14 14:13:54,bagdrop,1.35,0.5,4,0.675,0.81,0.6,2.6,True,4,OK
2026-05-14 14:13:54,seguridad,6.1,0.833,6,1.0,inf,inf,inf,False,6,CRITICO
2026-05-14 14:13:54,pasaportes,2.236,0.5,6,0.745,1.21,0.54,2.54,True,5,CERRAR
2026-05-14 14:13:54,embarque,5.807,2.0,3,0.968,28.26,4.87,5.37,True,3,OK
2026-05-14 14:13:57,checkin,2.38,0.286,8,1.0,inf,inf,inf,False,9,CRITICO
2026-05-14 14:13:57,bagdrop,1.7,0.5,4,0.85,3.91,2.3,4.3,True,4,OK
2026-05-14 14:13:57,seguridad,5.0,0.833,6,1.0,inf,inf,inf,False,6,CRITICO
2026-05-14 14:13:57,pasaportes,2.663,0.5,5,1.0,inf,inf,inf,False,6,CRITICO
2026-05-14 14:13:57,embarque,4.569,2.0,3,0.761,1.87,0.41,0.91,True,3,OK
2026-05-14 14:14:00,checkin,1.89,0.286,9,0.735,0.84,0.44,3.94,True,8,CERRAR
2026-05-14 14:14:00,bagdrop,1.35,0.5,4,0.675,0.81,0.6,2.6,True,4,OK
2026-05-14 14:14:00,seguridad,4.5,0.833,6,0.9,6.66,1.48,2.68,True,6,OK
2026-05-14 14:14:00,pasaportes,2.256,0.5,6,0.752,1.29,0.57,2.57,True,5,CERRAR
2026-05-14 14:14:00,embarque,5.597,2.0,3,0.933,12.16,2.17,2.67,True,3,OK
2026-05-14 14:14:03,checkin,2.31,0.286,8,1.0,inf,inf,inf,False,9,CRITICO
2026-05-14 14:14:03,bagdrop,1.65,0.5,4,0.825,3.03,1.83,3.83,True,4,OK
2026-05-14 14:14:03,seguridad,6.5,0.833,6,1.0,inf,inf,inf,False,6,CRITICO
2026-05-14 14:14:03,pasaportes,2.181,0.5,5,0.873,4.8,2.2,4.2,True,5,OK
2026-05-14 14:14:03,embarque,5.684,2.0,3,0.947,16.25,2.86,3.36,True,3,OK
2026-05-14 14:14:06,checkin,1.4,0.286,9,0.544,0.09,0.06,3.56,True,6,CERRAR
2026-05-14 14:14:06,bagdrop,1.0,0.5,4,0.5,0.17,0.17,2.17,True,3,CERRAR
2026-05-14 14:14:06,seguridad,5.3,0.833,6,1.0,inf,inf,inf,False,6,CRITICO
2026-05-14 14:14:06,pasaportes,2.846,0.5,5,1.0,inf,inf,inf,False,7,CRITICO
2026-05-14 14:14:06,embarque,5.802,2.0,3,0.967,27.48,4.74,5.24,True,3,OK
2026-05-14 14:14:09,checkin,0.7,0.286,6,0.408,0.03,0.04,3.54,True,3,CERRAR
2026-05-14 14:14:09,bagdrop,0.5,0.5,3,0.333,0.05,0.09,2.09,True,2,CERRAR
2026-05-14 14:14:09,seguridad,2.0,0.833,6,0.4,0.03,0.01,1.21,True,3,CERRAR
2026-05-14 14:14:09,pasaportes,0.825,0.5,7,0.236,0.0,0.0,2.0,True,2,CERRAR
2026-05-14 14:14:09,embarque,1.738,2.0,3,0.29,0.03,0.02,0.52,True,1,CERRAR
2026-05-14 14:14:12,checkin,0.56,0.286,3,0.653,0.8,1.43,4.93,True,3,OK
2026-05-14 14:14:12,bagdrop,0.4,0.5,2,0.4,0.15,0.38,2.38,True,2,OK
2026-05-14 14:14:12,seguridad,1.8,0.833,3,0.72,1.34,0.75,1.95,True,3,OK
2026-05-14 14:14:12,pasaportes,0.653,0.5,2,0.653,0.97,1.48,3.48,True,2,OK
2026-05-14 14:14:12,embarque,1.274,2.0,1,0.637,1.12,0.88,1.38,True,1,OK
2026-05-14 14:14:15,checkin,0.7,0.286,3,0.817,3.0,4.29,7.79,True,3,OK
2026-05-14 14:14:15,bagdrop,0.5,0.5,2,0.5,0.33,0.67,2.67,True,2,OK
2026-05-14 14:14:15,seguridad,1.8,0.833,3,0.72,1.34,0.75,1.95,True,3,OK
2026-05-14 14:14:15,pasaportes,0.953,0.5,2,0.953,18.64,19.56,21.56,True,3,CRITICO
2026-05-14 14:14:15,embarque,1.924,2.0,1,0.962,24.27,12.61,13.11,True,2,CRITICO
2026-05-14 14:14:19,checkin,0.7,0.286,3,0.817,3.0,4.29,7.79,True,3,OK
2026-05-14 14:14:19,bagdrop,0.5,0.5,2,0.5,0.33,0.67,2.67,True,2,OK
2026-05-14 14:14:19,seguridad,2.0,0.833,3,0.8,2.59,1.29,2.49,True,3,OK
2026-05-14 14:14:19,pasaportes,1.025,0.5,3,0.683,1.01,0.99,2.99,True,3,OK
2026-05-14 14:14:19,embarque,1.488,2.0,2,0.372,0.12,0.08,0.58,True,1,CERRAR
2026-05-14 14:14:22,checkin,0.63,0.286,3,0.735,1.51,2.4,5.9,True,3,OK
2026-05-14 14:14:22,bagdrop,0.45,0.5,2,0.45,0.23,0.51,2.51,True,2,OK
2026-05-14 14:14:22,seguridad,1.8,0.833,3,0.72,1.34,0.75,1.95,True,3,OK
2026-05-14 14:14:22,pasaportes,0.603,0.5,3,0.402,0.1,0.16,2.16,True,2,CERRAR
2026-05-14 14:14:22,embarque,1.199,2.0,1,0.599,0.9,0.75,1.25,True,1,OK
2026-05-14 14:14:25,checkin,0.63,0.286,3,0.735,1.51,2.4,5.9,True,3,OK
2026-05-14 14:14:25,bagdrop,0.45,0.5,2,0.45,0.23,0.51,2.51,True,2,OK
2026-05-14 14:14:25,seguridad,1.4,0.833,3,0.56,0.39,0.28,1.48,True,2,CERRAR
2026-05-14 14:14:25,pasaportes,0.808,0.5,2,0.808,3.03,3.75,5.75,True,2,OK
2026-05-14 14:14:25,embarque,1.246,2.0,1,0.623,1.03,0.83,1.33,True,1,OK
2026-05-14 14:14:28,checkin,0.77,0.286,3,0.898,7.19,9.34,12.84,True,4,ABRIR
2026-05-14 14:14:28,bagdrop,0.55,0.5,2,0.55,0.48,0.87,2.87,True,2,OK
2026-05-14 14:14:28,seguridad,2.1,0.833,2,1.0,inf,inf,inf,False,3,CRITICO
2026-05-14 14:14:28,pasaportes,0.786,0.5,2,0.786,2.55,3.24,5.24,True,2,OK
2026-05-14 14:14:28,embarque,1.582,2.0,1,0.791,2.99,1.89,2.39,True,1,OK
2026-05-14 14:14:31,checkin,1.12,0.286,4,0.98,46.84,41.82,45.32,True,5,CRITICO
2026-05-14 14:14:31,bagdrop,0.8,0.5,2,0.8,2.84,3.56,5.56,True,2,OK
2026-05-14 14:14:31,seguridad,2.4,0.833,3,0.96,22.21,9.25,10.45,True,4,ABRIR
2026-05-14 14:14:31,pasaportes,0.77,0.5,2,0.77,2.24,2.91,4.91,True,2,OK
2026-05-14 14:14:31,embarque,2.065,2.0,1,1.0,inf,inf,inf,False,2,CRITICO
2026-05-14 14:14:34,checkin,0.56,0.286,5,0.392,0.04,0.06,3.56,True,3,CERRAR
2026-05-14 14:14:34,bagdrop,0.4,0.5,2,0.4,0.15,0.38,2.38,True,2,OK
2026-05-14 14:14:34,seguridad,1.8,0.833,4,0.54,0.25,0.14,1.34,True,3,CERRAR
2026-05-14 14:14:34,pasaportes,0.552,0.5,2,0.552,0.49,0.88,2.88,True,2,OK
2026-05-14 14:14:34,embarque,1.924,2.0,2,0.481,0.29,0.15,0.65,True,2,OK
2026-05-14 14:14:37,checkin,0.63,0.286,3,0.735,1.51,2.4,5.9,True,3,OK
2026-05-14 14:14:37,bagdrop,0.45,0.5,2,0.45,0.23,0.51,2.51,True,2,OK
2026-05-14 14:14:37,seguridad,2.0,0.833,3,0.8,2.59,1.29,2.49,True,3,OK
2026-05-14 14:14:37,pasaportes,1.025,0.5,2,1.0,inf,inf,inf,False,3,CRITICO
2026-05-14 14:14:37,embarque,1.738,2.0,2,0.434,0.2,0.12,0.62,True,1,CERRAR
2026-05-14 14:14:40,checkin,0.84,0.286,3,0.98,47.16,56.14,59.64,True,4,CRITICO
2026-05-14 14:14:40,bagdrop,0.6,0.5,2,0.6,0.67,1.12,3.12,True,2,OK
2026-05-14 14:14:40,seguridad,2.1,0.833,3,0.84,3.75,1.78,2.98,True,3,OK
2026-05-14 14:14:40,pasaportes,0.786,0.5,3,0.524,0.29,0.37,2.37,True,2,CERRAR
2026-05-14 14:14:40,embarque,1.582,2.0,1,0.791,2.99,1.89,2.39,True,1,OK
2026-05-14 14:14:43,checkin,0.7,0.286,4,0.613,0.48,0.68,4.18,True,3,CERRAR
2026-05-14 14:14:43,bagdrop,0.5,0.5,2,0.5,0.33,0.67,2.67,True,2,OK
2026-05-14 14:14:43,seguridad,2.1,0.833,3,0.84,3.75,1.78,2.98,True,3,OK
2026-05-14 14:14:43,pasaportes,0.836,0.5,2,0.836,3.89,4.65,6.65,True,2,OK
2026-05-14 14:14:43,embarque,2.057,2.0,1,1.0,inf,inf,inf,False,2,CRITICO
2026-05-14 14:14:46,checkin,1.33,0.286,3,1.0,inf,inf,inf,False,6,CRITICO
2026-05-14 14:14:46,bagdrop,0.95,0.5,2,0.95,17.59,18.51,20.51,True,3,CRITICO
2026-05-14 14:14:46,seguridad,3.9,0.833,3,1.0,inf,inf,inf,False,5,CRITICO
2026-05-14 14:14:46,pasaportes,2.539,0.5,2,1.0,inf,inf,inf,False,6,CRITICO
2026-05-14 14:14:46,embarque,5.556,2.0,2,1.0,inf,inf,inf,False,3,CRITICO
2026-05-14 14:14:49,checkin,1.54,0.286,6,0.898,6.5,4.22,7.72,True,6,OK
2026-05-14 14:14:49,bagdrop,1.1,0.5,3,0.733,1.49,1.36,3.36,True,3,OK
2026-05-14 14:14:49,seguridad,5.6,0.833,5,1.0,inf,inf,inf,False,6,CRITICO
2026-05-14 14:14:49,pasaportes,2.23,0.5,6,0.743,1.19,0.53,2.53,True,5,CERRAR
2026-05-14 14:14:49,embarque,5.085,2.0,3,0.848,4.04,0.79,1.29,True,3,OK
2026-05-14 14:14:52,checkin,1.82,0.286,6,1.0,inf,inf,inf,False,7,CRITICO
2026-05-14 14:14:52,bagdrop,1.3,0.5,3,0.867,4.93,3.79,5.79,True,3,OK
2026-05-14 14:14:52,seguridad,5.6,0.833,6,1.0,inf,inf,inf,False,6,CRITICO
2026-05-14 14:14:52,pasaportes,2.38,0.5,5,0.952,17.5,7.35,9.35,True,6,ABRIR
2026-05-14 14:14:52,embarque,4.01,2.0,3,0.668,0.9,0.22,0.72,True,3,OK
2026-05-14 14:14:55,checkin,1.75,0.286,7,0.875,4.6,2.63,6.13,True,7,OK
2026-05-14 14:14:55,bagdrop,1.25,0.5,3,0.833,3.51,2.81,4.81,True,3,OK
2026-05-14 14:14:55,seguridad,4.7,0.833,6,0.94,13.16,2.8,4.0,True,6,OK
2026-05-14 14:14:55,pasaportes,2.079,0.5,6,0.693,0.73,0.35,2.35,True,5,CERRAR
2026-05-14 14:14:55,embarque,4.536,2.0,3,0.756,1.79,0.39,0.89,True,3,OK
2026-05-14 14:14:58,checkin,1.33,0.286,7,0.665,0.49,0.37,3.87,True,6,CERRAR
2026-05-14 14:14:58,bagdrop,0.95,0.5,3,0.633,0.69,0.72,2.72,True,3,OK
2026-05-14 14:14:58,seguridad,3.7,0.833,6,0.74,1.15,0.31,1.51,True,5,CERRAR
2026-05-14 14:14:58,pasaportes,2.166,0.5,5,0.867,4.47,2.07,4.07,True,5,OK
2026-05-14 14:14:58,embarque,3.992,2.0,3,0.665,0.88,0.22,0.72,True,3,OK
2026-05-14 14:15:01,checkin,1.26,0.286,6,0.735,1.1,0.87,4.37,True,5,CERRAR
2026-05-14 14:15:01,bagdrop,0.9,0.5,3,0.6,0.53,0.59,2.59,True,3,OK
2026-05-14 14:15:01,seguridad,4.1,0.833,5,0.984,59.05,14.4,15.6,True,6,CRITICO
2026-05-14 14:15:01,pasaportes,3.211,0.5,5,1.0,inf,inf,inf,False,7,CRITICO
2026-05-14 14:15:01,embarque,5.819,2.0,3,0.97,30.4,5.22,5.72,True,4,ABRIR
2026-05-14 14:15:04,checkin,1.33,0.286,5,0.931,11.24,8.45,11.95,True,6,ABRIR
2026-05-14 14:15:04,bagdrop,0.95,0.5,3,0.633,0.69,0.72,2.72,True,3,OK
2026-05-14 14:15:04,seguridad,4.4,0.833,6,0.88,5.08,1.15,2.35,True,6,OK
2026-05-14 14:15:04,pasaportes,2.895,0.5,7,0.827,2.61,0.9,2.9,True,7,OK
2026-05-14 14:15:04,embarque,5.053,2.0,4,0.632,0.56,0.11,0.61,True,3,CERRAR
2026-05-14 14:15:07,checkin,1.26,0.286,6,0.735,1.1,0.87,4.37,True,5,CERRAR
2026-05-14 14:15:07,bagdrop,0.9,0.5,3,0.6,0.53,0.59,2.59,True,3,OK
2026-05-14 14:15:07,seguridad,5.0,0.833,6,1.0,inf,inf,inf,False,6,CRITICO
2026-05-14 14:15:07,pasaportes,2.712,0.5,7,0.775,1.5,0.55,2.55,True,6,CERRAR
2026-05-14 14:15:07,embarque,5.544,2.0,3,0.924,10.45,1.88,2.38,True,3,OK
2026-05-14 14:15:10,checkin,1.33,0.286,5,0.931,11.24,8.45,11.95,True,6,ABRIR
2026-05-14 14:15:10,bagdrop,0.95,0.5,3,0.633,0.69,0.72,2.72,True,3,OK
2026-05-14 14:15:10,seguridad,4.8,0.833,6,0.96,21.4,4.46,5.66,True,6,OK
2026-05-14 14:15:10,pasaportes,2.49,0.5,6,0.83,2.83,1.14,3.14,True,6,OK
2026-05-14 14:15:10,embarque,5.705,2.0,3,0.951,17.57,3.08,3.58,True,3,OK
2026-05-14 14:15:13,checkin,2.31,0.286,6,1.0,inf,inf,inf,False,9,CRITICO
2026-05-14 14:15:13,bagdrop,1.65,0.5,3,1.0,inf,inf,inf,False,4,CRITICO
2026-05-14 14:15:13,seguridad,6.4,0.833,6,1.0,inf,inf,inf,False,6,CRITICO
2026-05-14 14:15:13,pasaportes,3.02,0.5,6,1.0,inf,inf,inf,False,7,CRITICO
2026-05-14 14:15:13,embarque,5.59,2.0,3,0.932,11.91,2.13,2.63,True,3,OK
2026-05-14 14:15:16,checkin,2.1,0.286,9,0.817,2.09,1.0,4.5,True,8,CERRAR
2026-05-14 14:15:16,bagdrop,1.5,0.5,4,0.75,1.53,1.02,3.02,True,4,OK
2026-05-14 14:15:16,seguridad,5.1,0.833,6,1.0,inf,inf,inf,False,6,CRITICO
2026-05-14 14:15:16,pasaportes,2.374,0.5,7,0.678,0.56,0.24,2.24,True,6,CERRAR
2026-05-14 14:15:16,embarque,4.388,2.0,3,0.731,1.47,0.33,0.83,True,3,OK
2026-05-14 14:15:19,checkin,1.54,0.286,8,0.674,0.48,0.31,3.81,True,6,CERRAR
2026-05-14 14:15:19,bagdrop,1.1,0.5,4,0.55,0.28,0.25,2.25,True,3,CERRAR
2026-05-14 14:15:19,seguridad,4.3,0.833,6,0.86,3.97,0.92,2.12,True,6,OK
2026-05-14 14:15:19,pasaportes,2.684,0.5,6,0.895,6.17,2.3,4.3,True,6,OK
2026-05-14 14:15:19,embarque,5.533,2.0,3,0.922,10.15,1.83,2.33,True,3,OK
2026-05-14 14:15:22,checkin,2.66,0.286,6,1.0,inf,inf,inf,False,10,CRITICO
2026-05-14 14:15:22,bagdrop,1.9,0.5,3,1.0,inf,inf,inf,False,5,CRITICO
2026-05-14 14:15:22,seguridad,10.0,0.833,6,1.0,inf,inf,inf,False,6,CRITICO
2026-05-14 14:15:22,pasaportes,5.525,0.5,6,1.0,inf,inf,inf,False,8,CRITICO
2026-05-14 14:15:22,embarque,8.088,2.0,3,1.0,inf,inf,inf,False,4,CRITICO
2026-05-14 14:15:25,checkin,2.52,0.286,10,0.882,4.61,1.83,5.33,True,10,OK
2026-05-14 14:15:25,bagdrop,1.8,0.5,5,0.72,1.06,0.59,2.59,True,4,CERRAR
2026-05-14 14:15:25,seguridad,9.7,0.833,6,1.0,inf,inf,inf,False,6,CRITICO
2026-05-14 14:15:25,pasaportes,6.591,0.5,8,1.0,inf,inf,inf,False,8,CRITICO
2026-05-14 14:15:25,embarque,11.579,2.0,4,1.0,inf,inf,inf,False,4,CRITICO
2026-05-14 14:15:28,checkin,3.92,0.286,10,1.0,inf,inf,inf,False,12,CRITICO
2026-05-14 14:15:28,bagdrop,2.8,0.5,4,1.0,inf,inf,inf,False,6,CRITICO
2026-05-14 14:15:28,seguridad,10.0,0.833,6,1.0,inf,inf,inf,False,6,CRITICO
2026-05-14 14:15:28,pasaportes,6.125,0.5,8,1.0,inf,inf,inf,False,8,CRITICO
2026-05-14 14:15:28,embarque,8.938,2.0,4,1.0,inf,inf,inf,False,4,CRITICO
2026-05-14 14:15:31,checkin,4.27,0.286,12,1.0,inf,inf,inf,False,12,CRITICO
2026-05-14 14:15:31,bagdrop,3.05,0.5,6,1.0,inf,inf,inf,False,7,CRITICO
2026-05-14 14:15:31,seguridad,10.1,0.833,6,1.0,inf,inf,inf,False,6,CRITICO
2026-05-14 14:15:31,pasaportes,5.386,0.5,8,1.0,inf,inf,inf,False,8,CRITICO
2026-05-14 14:15:31,embarque,10.532,2.0,4,1.0,inf,inf,inf,False,4,CRITICO
2026-05-14 14:15:34,checkin,2.87,0.286,12,0.837,2.36,0.82,4.32,True,11,CERRAR
2026-05-14 14:15:34,bagdrop,2.05,0.5,7,0.586,0.21,0.1,2.1,True,5,CERRAR
2026-05-14 14:15:34,seguridad,10.2,0.833,6,1.0,inf,inf,inf,False,6,CRITICO
2026-05-14 14:15:34,pasaportes,5.647,0.5,8,1.0,inf,inf,inf,False,8,CRITICO
2026-05-14 14:15:34,embarque,9.126,2.0,4,1.0,inf,inf,inf,False,4,CRITICO
2026-05-14 14:15:37,checkin,4.55,0.286,11,1.0,inf,inf,inf,False,12,CRITICO
2026-05-14 14:15:37,bagdrop,3.25,0.5,5,1.0,inf,inf,inf,False,7,CRITICO
2026-05-14 14:15:37,seguridad,13.2,0.833,6,1.0,inf,inf,inf,False,6,CRITICO
2026-05-14 14:15:37,pasaportes,5.985,0.5,8,1.0,inf,inf,inf,False,8,CRITICO
2026-05-14 14:15:37,embarque,10.107,2.0,4,1.0,inf,inf,inf,False,4,CRITICO
2026-05-14 14:15:40,checkin,4.41,0.286,12,1.0,inf,inf,inf,False,12,CRITICO
2026-05-14 14:15:40,bagdrop,3.15,0.5,7,0.9,6.48,2.06,4.06,True,7,OK
2026-05-14 14:15:40,seguridad,12.4,0.833,6,1.0,inf,inf,inf,False,6,CRITICO
2026-05-14 14:15:40,pasaportes,5.295,0.5,8,1.0,inf,inf,inf,False,8,CRITICO
2026-05-14 14:15:40,embarque,8.652,2.0,4,1.0,inf,inf,inf,False,4,CRITICO
2026-05-14 14:15:43,checkin,2.73,0.286,12,0.796,1.41,0.52,4.02,True,11,CERRAR
2026-05-14 14:15:43,bagdrop,1.95,0.5,7,0.557,0.15,0.08,2.08,True,5,CERRAR
2026-05-14 14:15:43,seguridad,8.9,0.833,6,1.0,inf,inf,inf,False,6,CRITICO
2026-05-14 14:15:43,pasaportes,5.051,0.5,8,1.0,inf,inf,inf,False,8,CRITICO
2026-05-14 14:15:43,embarque,10.699,2.0,4,1.0,inf,inf,inf,False,4,CRITICO
2026-05-14 14:15:46,checkin,3.08,0.286,11,0.98,45.3,14.71,18.21,True,12,CRITICO
2026-05-14 14:15:46,bagdrop,2.2,0.5,5,0.88,5.27,2.39,4.39,True,5,OK
2026-05-14 14:15:46,seguridad,9.0,0.833,6,1.0,inf,inf,inf,False,6,CRITICO
2026-05-14 14:15:46,pasaportes,6.112,0.5,8,1.0,inf,inf,inf,False,8,CRITICO
2026-05-14 14:15:46,embarque,9.744,2.0,4,1.0,inf,inf,inf,False,4,CRITICO
2026-05-14 14:15:49,checkin,2.8,0.286,12,0.817,1.82,0.65,4.15,True,11,CERRAR
2026-05-14 14:15:49,bagdrop,2.0,0.5,5,0.8,2.22,1.11,3.11,True,5,OK
2026-05-14 14:15:49,seguridad,8.0,0.833,6,1.0,inf,inf,inf,False,6,CRITICO
2026-05-14 14:15:49,pasaportes,4.85,0.5,8,1.0,inf,inf,inf,False,8,CRITICO
2026-05-14 14:15:49,embarque,8.425,2.0,4,1.0,inf,inf,inf,False,4,CRITICO
2026-05-14 14:15:52,checkin,2.59,0.286,11,0.824,2.08,0.8,4.3,True,10,CERRAR
2026-05-14 14:15:52,bagdrop,1.85,0.5,5,0.74,1.26,0.68,2.68,True,5,OK
2026-05-14 14:15:52,seguridad,8.5,0.833,6,1.0,inf,inf,inf,False,6,CRITICO
2026-05-14 14:15:52,pasaportes,4.956,0.5,8,1.0,inf,inf,inf,False,8,CRITICO
2026-05-14 14:15:52,embarque,10.447,2.0,4,1.0,inf,inf,inf,False,4,CRITICO
2026-05-14 14:15:55,checkin,2.87,0.286,10,1.0,inf,inf,inf,False,11,CRITICO
2026-05-14 14:15:55,bagdrop,2.05,0.5,5,0.82,2.7,1.32,3.32,True,5,OK
2026-05-14 14:15:55,seguridad,9.2,0.833,6,1.0,inf,inf,inf,False,6,CRITICO
2026-05-14 14:15:55,pasaportes,4.285,0.5,8,1.0,inf,inf,inf,False,8,CRITICO
2026-05-14 14:15:55,embarque,8.308,2.0,4,1.0,inf,inf,inf,False,4,CRITICO
2026-05-14 14:15:58,checkin,3.22,0.286,11,1.0,inf,inf,inf,False,12,CRITICO
2026-05-14 14:15:58,bagdrop,2.3,0.5,5,0.92,9.29,4.04,6.04,True,5,OK
2026-05-14 14:15:58,seguridad,11.1,0.833,6,1.0,inf,inf,inf,False,6,CRITICO
2026-05-14 14:15:58,pasaportes,4.699,0.5,8,1.0,inf,inf,inf,False,8,CRITICO
2026-05-14 14:15:58,embarque,8.776,2.0,4,1.0,inf,inf,inf,False,4,CRITICO
2026-05-14 14:16:01,checkin,2.45,0.286,12,0.715,0.52,0.21,3.71,True,10,CERRAR
2026-05-14 14:16:01,bagdrop,1.75,0.5,5,0.7,0.88,0.5,2.5,True,4,CERRAR
2026-05-14 14:16:01,seguridad,7.0,0.833,6,1.0,inf,inf,inf,False,6,CRITICO
2026-05-14 14:16:01,pasaportes,5.838,0.5,8,1.0,inf,inf,inf,False,8,CRITICO
2026-05-14 14:16:01,embarque,7.981,2.0,4,0.998,423.46,53.06,53.56,True,4,CRITICO
2026-05-14 14:16:04,checkin,5.67,0.286,10,1.0,inf,inf,inf,False,12,CRITICO
2026-05-14 14:16:04,bagdrop,4.05,0.5,4,1.0,inf,inf,inf,False,8,CRITICO
2026-05-14 14:16:04,seguridad,15.9,0.833,6,1.0,inf,inf,inf,False,6,CRITICO
2026-05-14 14:16:04,pasaportes,11.489,0.5,8,1.0,inf,inf,inf,False,8,CRITICO
2026-05-14 14:16:04,embarque,14.731,2.0,4,1.0,inf,inf,inf,False,4,CRITICO
2026-05-14 14:16:07,checkin,4.62,0.286,12,1.0,inf,inf,inf,False,12,CRITICO
2026-05-14 14:16:07,bagdrop,3.3,0.5,8,0.825,2.42,0.73,2.73,True,7,CERRAR
2026-05-14 14:16:07,seguridad,15.9,0.833,6,1.0,inf,inf,inf,False,6,CRITICO
2026-05-14 14:16:07,pasaportes,9.939,0.5,8,1.0,inf,inf,inf,False,8,CRITICO
2026-05-14 14:16:07,embarque,16.306,2.0,4,1.0,inf,inf,inf,False,4,CRITICO
2026-05-14 14:16:10,checkin,5.74,0.286,12,1.0,inf,inf,inf,False,12,CRITICO
2026-05-14 14:16:10,bagdrop,4.1,0.5,7,1.0,inf,inf,inf,False,8,CRITICO
2026-05-14 14:16:10,seguridad,16.2,0.833,6,1.0,inf,inf,inf,False,6,CRITICO
2026-05-14 14:16:10,pasaportes,9.123,0.5,8,1.0,inf,inf,inf,False,8,CRITICO
2026-05-14 14:16:10,embarque,13.889,2.0,4,1.0,inf,inf,inf,False,4,CRITICO
2026-05-14 14:16:13,checkin,5.67,0.286,12,1.0,inf,inf,inf,False,12,CRITICO
2026-05-14 14:16:13,bagdrop,4.05,0.5,8,1.0,inf,inf,inf,False,8,CRITICO
2026-05-14 14:16:13,seguridad,15.7,0.833,6,1.0,inf,inf,inf,False,6,CRITICO
2026-05-14 14:16:13,pasaportes,8.266,0.5,8,1.0,inf,inf,inf,False,8,CRITICO
2026-05-14 14:16:13,embarque,14.742,2.0,4,1.0,inf,inf,inf,False,4,CRITICO
2026-05-14 14:16:16,checkin,5.74,0.286,12,1.0,inf,inf,inf,False,12,CRITICO
2026-05-14 14:16:16,bagdrop,4.1,0.5,8,1.0,inf,inf,inf,False,8,CRITICO
2026-05-14 14:16:16,seguridad,16.1,0.833,6,1.0,inf,inf,inf,False,6,CRITICO
2026-05-14 14:16:16,pasaportes,11.111,0.5,8,1.0,inf,inf,inf,False,8,CRITICO
2026-05-14 14:16:16,embarque,14.619,2.0,4,1.0,inf,inf,inf,False,4,CRITICO
2026-05-14 14:16:19,checkin,5.32,0.286,12,1.0,inf,inf,inf,False,12,CRITICO
2026-05-14 14:16:19,bagdrop,3.8,0.5,8,0.95,16.04,4.22,6.22,True,8,OK
2026-05-14 14:16:19,seguridad,16.1,0.833,6,1.0,inf,inf,inf,False,6,CRITICO
2026-05-14 14:16:19,pasaportes,9.961,0.5,8,1.0,inf,inf,inf,False,8,CRITICO
2026-05-14 14:16:19,embarque,14.044,2.0,4,1.0,inf,inf,inf,False,4,CRITICO
2026-05-14 14:16:22,checkin,6.37,0.286,12,1.0,inf,inf,inf,False,12,CRITICO
2026-05-14 14:16:22,bagdrop,4.55,0.5,8,1.0,inf,inf,inf,False,8,CRITICO
2026-05-14 14:16:22,seguridad,16.1,0.833,6,1.0,inf,inf,inf,False,6,CRITICO
2026-05-14 14:16:22,pasaportes,11.011,0.5,8,1.0,inf,inf,inf,False,8,CRITICO
2026-05-14 14:16:22,embarque,17.119,2.0,4,1.0,inf,inf,inf,False,4,CRITICO
2026-05-14 14:16:25,checkin,4.83,0.286,12,1.0,inf,inf,inf,False,12,CRITICO
2026-05-14 14:16:25,bagdrop,3.45,0.5,8,0.863,3.79,1.1,3.1,True,8,OK
2026-05-14 14:16:25,seguridad,17.0,0.833,6,1.0,inf,inf,inf,False,6,CRITICO
2026-05-14 14:16:25,pasaportes,8.363,0.5,8,1.0,inf,inf,inf,False,8,CRITICO
2026-05-14 14:16:25,embarque,14.519,2.0,4,1.0,inf,inf,inf,False,4,CRITICO
2026-05-14 14:16:28,checkin,6.02,0.286,12,1.0,inf,inf,inf,False,12,CRITICO
2026-05-14 14:16:28,bagdrop,4.3,0.5,8,1.0,inf,inf,inf,False,8,CRITICO
2026-05-14 14:16:28,seguridad,17.0,0.833,6,1.0,inf,inf,inf,False,6,CRITICO
2026-05-14 14:16:28,pasaportes,8.562,0.5,8,1.0,inf,inf,inf,False,8,CRITICO
2026-05-14 14:16:28,embarque,15.869,2.0,4,1.0,inf,inf,inf,False,4,CRITICO
2026-05-14 14:16:31,checkin,5.74,0.286,12,1.0,inf,inf,inf,False,12,CRITICO
2026-05-14 14:16:31,bagdrop,4.1,0.5,8,1.0,inf,inf,inf,False,8,CRITICO
2026-05-14 14:16:31,seguridad,15.4,0.833,6,1.0,inf,inf,inf,False,6,CRITICO
2026-05-14 14:16:31,pasaportes,9.933,0.5,8,1.0,inf,inf,inf,False,8,CRITICO
2026-05-14 14:16:31,embarque,14.284,2.0,4,1.0,inf,inf,inf,False,4,CRITICO
2026-05-14 14:16:34,checkin,1.68,0.286,12,0.49,0.02,0.01,3.51,True,7,CERRAR
2026-05-14 14:16:34,bagdrop,1.2,0.5,8,0.3,0.0,0.0,2.0,True,3,CERRAR
2026-05-14 14:16:34,seguridad,5.3,0.833,6,1.0,inf,inf,inf,False,6,CRITICO
2026-05-14 14:16:34,pasaportes,2.996,0.5,8,0.749,1.06,0.35,2.35,True,7,CERRAR
2026-05-14 14:16:34,embarque,4.927,2.0,4,0.616,0.49,0.1,0.6,True,3,CERRAR
2026-05-14 14:16:37,checkin,1.89,0.286,7,0.945,14.44,7.64,11.14,True,8,ABRIR
2026-05-14 14:16:37,bagdrop,1.35,0.5,3,0.9,7.35,5.45,7.45,True,4,ABRIR
2026-05-14 14:16:37,seguridad,6.1,0.833,6,1.0,inf,inf,inf,False,6,CRITICO
2026-05-14 14:16:37,pasaportes,2.236,0.5,7,0.639,0.38,0.17,2.17,True,5,CERRAR
2026-05-14 14:16:37,embarque,5.007,2.0,3,0.834,3.55,0.71,1.21,True,3,OK
2026-05-14 14:16:40,checkin,1.4,0.286,8,0.613,0.24,0.17,3.67,True,6,CERRAR
2026-05-14 14:16:40,bagdrop,1.0,0.5,4,0.5,0.17,0.17,2.17,True,3,CERRAR
2026-05-14 14:16:40,seguridad,5.1,0.833,6,1.0,inf,inf,inf,False,6,CRITICO
2026-05-14 14:16:40,pasaportes,2.074,0.5,5,0.83,2.98,1.44,3.44,True,5,OK
2026-05-14 14:16:40,embarque,5.138,2.0,3,0.856,4.42,0.86,1.36,True,3,OK
2026-05-14 14:16:43,checkin,1.47,0.286,6,0.858,3.86,2.62,6.12,True,6,OK
2026-05-14 14:16:43,bagdrop,1.05,0.5,3,0.7,1.15,1.09,3.09,True,3,OK
2026-05-14 14:16:43,seguridad,5.0,0.833,6,1.0,inf,inf,inf,False,6,CRITICO
2026-05-14 14:16:43,pasaportes,2.013,0.5,5,0.805,2.33,1.16,3.16,True,5,OK
2026-05-14 14:16:43,embarque,5.194,2.0,3,0.866,4.88,0.94,1.44,True,3,OK
2026-05-14 14:16:46,checkin,2.17,0.286,6,1.0,inf,inf,inf,False,9,CRITICO
2026-05-14 14:16:46,bagdrop,1.55,0.5,3,1.0,inf,inf,inf,False,4,CRITICO
2026-05-14 14:16:46,seguridad,6.0,0.833,6,1.0,inf,inf,inf,False,6,CRITICO
2026-05-14 14:16:46,pasaportes,2.975,0.5,5,1.0,inf,inf,inf,False,7,CRITICO
2026-05-14 14:16:46,embarque,4.412,2.0,3,0.735,1.52,0.34,0.84,True,3,OK
2026-05-14 14:16:49,checkin,1.89,0.286,9,0.735,0.84,0.44,3.94,True,8,CERRAR
2026-05-14 14:16:49,bagdrop,1.35,0.5,4,0.675,0.81,0.6,2.6,True,4,OK
2026-05-14 14:16:49,seguridad,5.9,0.833,6,1.0,inf,inf,inf,False,6,CRITICO
2026-05-14 14:16:49,pasaportes,2.964,0.5,7,0.847,3.26,1.1,3.1,True,7,OK
2026-05-14 14:16:49,embarque,5.243,2.0,3,0.874,5.34,1.02,1.52,True,3,OK
2026-05-14 14:16:52,checkin,1.33,0.286,8,0.582,0.17,0.13,3.63,True,6,CERRAR
2026-05-14 14:16:52,bagdrop,0.95,0.5,4,0.475,0.14,0.14,2.14,True,3,CERRAR
2026-05-14 14:16:52,seguridad,3.8,0.833,6,0.76,1.39,0.37,1.57,True,5,CERRAR
2026-05-14 14:16:52,pasaportes,2.428,0.5,7,0.694,0.66,0.27,2.27,True,6,CERRAR
2026-05-14 14:16:52,embarque,4.986,2.0,3,0.831,3.44,0.69,1.19,True,3,OK
2026-05-14 14:16:55,checkin,1.61,0.286,6,0.939,12.93,8.03,11.53,True,7,ABRIR
2026-05-14 14:16:55,bagdrop,1.15,0.5,3,0.767,1.95,1.7,3.7,True,3,OK
2026-05-14 14:16:55,seguridad,5.7,0.833,5,1.0,inf,inf,inf,False,6,CRITICO
2026-05-14 14:16:55,pasaportes,2.841,0.5,6,0.947,15.36,5.4,7.4,True,7,ABRIR
2026-05-14 14:16:55,embarque,5.654,2.0,3,0.942,14.61,2.58,3.08,True,3,OK
2026-05-14 14:16:58,checkin,2.03,0.286,7,1.0,inf,inf,inf,False,8,CRITICO
2026-05-14 14:16:58,bagdrop,1.45,0.5,3,0.967,27.19,18.75,20.75,True,4,CRITICO
2026-05-14 14:16:58,seguridad,5.9,0.833,6,1.0,inf,inf,inf,False,6,CRITICO
2026-05-14 14:16:58,pasaportes,2.464,0.5,7,0.704,0.73,0.3,2.3,True,6,CERRAR
2026-05-14 14:16:58,embarque,4.843,2.0,3,0.807,2.76,0.57,1.07,True,3,OK
2026-05-14 14:17:01,checkin,2.45,0.286,8,1.0,inf,inf,inf,False,10,CRITICO
2026-05-14 14:17:01,bagdrop,1.75,0.5,4,0.875,5.17,2.95,4.95,True,4,OK
2026-05-14 14:17:01,seguridad,5.1,0.833,6,1.0,inf,inf,inf,False,6,CRITICO
2026-05-14 14:17:01,pasaportes,2.324,0.5,6,0.775,1.61,0.69,2.69,True,5,CERRAR
2026-05-14 14:17:01,embarque,4.213,2.0,3,0.702,1.17,0.28,0.78,True,3,OK
2026-05-14 14:17:04,checkin,1.61,0.286,10,0.564,0.09,0.06,3.56,True,7,CERRAR
2026-05-14 14:17:04,bagdrop,1.15,0.5,4,0.575,0.35,0.3,2.3,True,3,CERRAR
2026-05-14 14:17:04,seguridad,4.2,0.833,6,0.84,3.16,0.75,1.95,True,6,OK
2026-05-14 14:17:04,pasaportes,2.723,0.5,5,1.0,inf,inf,inf,False,6,CRITICO
2026-05-14 14:17:04,embarque,4.639,2.0,3,0.773,2.06,0.44,0.94,True,3,OK
2026-05-14 14:17:07,checkin,2.1,0.286,7,1.0,inf,inf,inf,False,8,CRITICO
2026-05-14 14:17:07,bagdrop,1.5,0.5,3,1.0,inf,inf,inf,False,4,CRITICO
2026-05-14 14:17:07,seguridad,6.4,0.833,6,1.0,inf,inf,inf,False,6,CRITICO
2026-05-14 14:17:07,pasaportes,2.57,0.5,6,0.857,3.82,1.49,3.49,True,6,OK
2026-05-14 14:17:07,embarque,4.215,2.0,3,0.703,1.17,0.28,0.78,True,3,OK
2026-05-14 14:17:10,checkin,2.03,0.286,8,0.888,5.32,2.62,6.12,True,8,OK
2026-05-14 14:17:10,bagdrop,1.45,0.5,4,0.725,1.23,0.85,2.85,True,4,OK
2026-05-14 14:17:10,seguridad,4.6,0.833,6,0.92,9.08,1.97,3.17,True,6,OK
2026-05-14 14:17:10,pasaportes,2.367,0.5,6,0.789,1.86,0.78,2.78,True,6,OK
2026-05-14 14:17:10,embarque,5.066,2.0,3,0.844,3.91,0.77,1.27,True,3,OK
2026-05-14 14:17:13,checkin,1.68,0.286,8,0.735,0.91,0.54,4.04,True,7,CERRAR
2026-05-14 14:17:13,bagdrop,1.2,0.5,4,0.6,0.43,0.36,2.36,True,3,CERRAR
2026-05-14 14:17:13,seguridad,4.8,0.833,6,0.96,21.4,4.46,5.66,True,6,OK
2026-05-14 14:17:13,pasaportes,2.04,0.5,6,0.68,0.65,0.32,2.32,True,5,CERRAR
2026-05-14 14:17:13,embarque,5.13,2.0,3,0.855,4.36,0.85,1.35,True,3,OK
2026-05-14 14:17:16,checkin,0.84,0.286,7,0.42,0.02,0.03,3.53,True,4,CERRAR
2026-05-14 14:17:16,bagdrop,0.6,0.5,3,0.4,0.09,0.16,2.16,True,2,CERRAR
2026-05-14 14:17:16,seguridad,1.7,0.833,6,0.34,0.01,0.01,1.21,True,3,CERRAR
2026-05-14 14:17:16,pasaportes,0.841,0.5,5,0.337,0.02,0.02,2.02,True,2,CERRAR
2026-05-14 14:17:16,embarque,1.804,2.0,3,0.301,0.03,0.02,0.52,True,1,CERRAR
2026-05-14 14:17:19,checkin,0.63,0.286,4,0.551,0.28,0.44,3.94,True,3,CERRAR
2026-05-14 14:17:19,bagdrop,0.45,0.5,2,0.45,0.23,0.51,2.51,True,2,OK
2026-05-14 14:17:19,seguridad,1.5,0.833,3,0.6,0.53,0.35,1.55,True,3,OK
2026-05-14 14:17:19,pasaportes,1.019,0.5,2,1.0,inf,inf,inf,False,3,CRITICO
2026-05-14 14:17:19,embarque,1.716,2.0,1,0.858,5.18,3.02,3.52,True,1,OK
2026-05-14 14:17:22,checkin,0.84,0.286,3,0.98,47.16,56.14,59.64,True,4,CRITICO
2026-05-14 14:17:22,bagdrop,0.6,0.5,2,0.6,0.67,1.12,3.12,True,2,OK
2026-05-14 14:17:22,seguridad,2.1,0.833,3,0.84,3.75,1.78,2.98,True,3,OK
2026-05-14 14:17:22,pasaportes,0.586,0.5,3,0.391,0.09,0.15,2.15,True,2,CERRAR
2026-05-14 14:17:22,embarque,1.282,2.0,1,0.641,1.14,0.89,1.39,True,1,OK
2026-05-14 14:17:25,checkin,0.77,0.286,4,0.674,0.8,1.04,4.54,True,4,OK
2026-05-14 14:17:25,bagdrop,0.55,0.5,2,0.55,0.48,0.87,2.87,True,2,OK
2026-05-14 14:17:25,seguridad,1.6,0.833,3,0.64,0.72,0.45,1.65,True,3,OK
2026-05-14 14:17:25,pasaportes,0.68,0.5,2,0.68,1.17,1.72,3.72,True,2,OK
2026-05-14 14:17:25,embarque,1.56,2.0,1,0.78,2.77,1.77,2.27,True,1,OK
2026-05-14 14:17:28,checkin,0.63,0.286,4,0.551,0.28,0.44,3.94,True,3,CERRAR
2026-05-14 14:17:28,bagdrop,0.45,0.5,2,0.45,0.23,0.51,2.51,True,2,OK
2026-05-14 14:17:28,seguridad,2.1,0.833,3,0.84,3.75,1.78,2.98,True,3,OK
2026-05-14 14:17:28,pasaportes,0.736,0.5,2,0.736,1.74,2.37,4.37,True,2,OK
2026-05-14 14:17:28,embarque,1.607,2.0,1,0.803,3.28,2.04,2.54,True,1,OK
2026-05-14 14:17:31,checkin,1.12,0.286,3,1.0,inf,inf,inf,False,5,CRITICO
2026-05-14 14:17:31,bagdrop,0.8,0.5,2,0.8,2.84,3.56,5.56,True,2,OK
2026-05-14 14:17:31,seguridad,3.0,0.833,3,1.0,inf,inf,inf,False,4,CRITICO
2026-05-14 14:17:31,pasaportes,1.038,0.5,2,1.0,inf,inf,inf,False,3,CRITICO
2026-05-14 14:17:31,embarque,2.281,2.0,1,1.0,inf,inf,inf,False,2,CRITICO
2026-05-14 14:17:34,checkin,0.7,0.286,5,0.49,0.12,0.17,3.67,True,3,CERRAR
2026-05-14 14:17:34,bagdrop,0.5,0.5,2,0.5,0.33,0.67,2.67,True,2,OK
2026-05-14 14:17:34,seguridad,2.3,0.833,4,0.69,0.92,0.4,1.6,True,3,CERRAR
2026-05-14 14:17:34,pasaportes,0.709,0.5,3,0.472,0.19,0.26,2.26,True,2,CERRAR
2026-05-14 14:17:34,embarque,1.571,2.0,2,0.393,0.14,0.09,0.59,True,1,CERRAR
2026-05-14 14:17:37,checkin,0.56,0.286,3,0.653,0.8,1.43,4.93,True,3,OK
2026-05-14 14:17:37,bagdrop,0.4,0.5,2,0.4,0.15,0.38,2.38,True,2,OK
2026-05-14 14:17:37,seguridad,1.4,0.833,3,0.56,0.39,0.28,1.48,True,2,CERRAR
2026-05-14 14:17:37,pasaportes,0.708,0.5,2,0.708,1.42,2.0,4.0,True,2,OK
2026-05-14 14:17:37,embarque,1.696,2.0,1,0.848,4.74,2.79,3.29,True,1,OK
2026-05-14 14:17:40,checkin,0.77,0.286,3,0.898,7.19,9.34,12.84,True,4,ABRIR
2026-05-14 14:17:40,bagdrop,0.55,0.5,2,0.55,0.48,0.87,2.87,True,2,OK
2026-05-14 14:17:40,seguridad,1.6,0.833,2,0.96,22.57,14.11,15.31,True,3,CRITICO
2026-05-14 14:17:40,pasaportes,0.68,0.5,2,0.68,1.17,1.72,3.72,True,2,OK
2026-05-14 14:17:40,embarque,1.36,2.0,1,0.68,1.44,1.06,1.56,True,1,OK
2026-05-14 14:17:43,checkin,0.63,0.286,4,0.551,0.28,0.44,3.94,True,3,CERRAR
2026-05-14 14:17:43,bagdrop,0.45,0.5,2,0.45,0.23,0.51,2.51,True,2,OK
2026-05-14 14:17:43,seguridad,2.1,0.833,3,0.84,3.75,1.78,2.98,True,3,OK
2026-05-14 14:17:43,pasaportes,0.986,0.5,2,0.986,70.25,71.23,73.23,True,3,CRITICO
2026-05-14 14:17:43,embarque,1.482,2.0,1,0.741,2.12,1.43,1.93,True,1,OK
2026-05-14 14:17:47,checkin,0.84,0.286,3,0.98,47.16,56.14,59.64,True,4,CRITICO
2026-05-14 14:17:47,bagdrop,0.6,0.5,2,0.6,0.67,1.12,3.12,True,2,OK
2026-05-14 14:17:47,seguridad,2.2,0.833,3,0.88,5.73,2.61,3.81,True,3,OK
2026-05-14 14:17:47,pasaportes,0.998,0.5,3,0.665,0.88,0.88,2.88,True,3,OK
2026-05-14 14:17:47,embarque,1.651,2.0,1,0.826,3.91,2.37,2.87,True,1,OK
2026-05-14 14:17:50,checkin,0.56,0.286,4,0.49,0.16,0.28,3.78,True,3,CERRAR
2026-05-14 14:17:50,bagdrop,0.4,0.5,2,0.4,0.15,0.38,2.38,True,2,OK
2026-05-14 14:17:50,seguridad,2.2,0.833,3,0.88,5.73,2.61,3.81,True,3,OK
2026-05-14 14:17:50,pasaportes,0.798,0.5,3,0.532,0.31,0.39,2.39,True,2,CERRAR
2026-05-14 14:17:50,embarque,1.501,2.0,1,0.751,2.26,1.51,2.01,True,1,OK
2026-05-14 14:17:53,checkin,1.96,0.286,3,1.0,inf,inf,inf,False,8,CRITICO
2026-05-14 14:17:53,bagdrop,1.4,0.5,2,1.0,inf,inf,inf,False,4,CRITICO
2026-05-14 14:17:53,seguridad,5.0,0.833,3,1.0,inf,inf,inf,False,6,CRITICO
2026-05-14 14:17:53,pasaportes,2.712,0.5,2,1.0,inf,inf,inf,False,6,CRITICO
2026-05-14 14:17:53,embarque,5.194,2.0,1,1.0,inf,inf,inf,False,3,CRITICO
2026-05-14 14:17:56,checkin,2.03,0.286,8,0.888,5.32,2.62,6.12,True,8,OK
2026-05-14 14:17:56,bagdrop,1.45,0.5,4,0.725,1.23,0.85,2.85,True,4,OK
2026-05-14 14:17:56,seguridad,4.9,0.833,6,0.98,46.31,9.45,10.65,True,6,OK
2026-05-14 14:17:56,pasaportes,3.101,0.5,6,1.0,inf,inf,inf,False,7,CRITICO
2026-05-14 14:17:56,embarque,4.524,2.0,3,0.754,1.76,0.39,0.89,True,3,OK
2026-05-14 14:17:59,checkin,2.45,0.286,8,1.0,inf,inf,inf,False,10,CRITICO
2026-05-14 14:17:59,bagdrop,1.75,0.5,4,0.875,5.17,2.95,4.95,True,4,OK
2026-05-14 14:17:59,seguridad,6.7,0.833,6,1.0,inf,inf,inf,False,6,CRITICO
2026-05-14 14:17:59,pasaportes,2.254,0.5,7,0.644,0.4,0.18,2.18,True,5,CERRAR
2026-05-14 14:17:59,embarque,4.198,2.0,3,0.7,1.15,0.27,0.77,True,3,OK
2026-05-14 14:18:02,checkin,1.54,0.286,10,0.539,0.07,0.04,3.54,True,6,CERRAR
2026-05-14 14:18:02,bagdrop,1.1,0.5,4,0.55,0.28,0.25,2.25,True,3,CERRAR
2026-05-14 14:18:02,seguridad,4.9,0.833,6,0.98,46.31,9.45,10.65,True,6,OK
2026-05-14 14:18:02,pasaportes,2.651,0.5,5,1.0,inf,inf,inf,False,6,CRITICO
2026-05-14 14:18:02,embarque,4.549,2.0,3,0.758,1.82,0.4,0.9,True,3,OK
2026-05-14 14:18:05,checkin,1.47,0.286,6,0.858,3.86,2.62,6.12,True,6,OK
2026-05-14 14:18:05,bagdrop,1.05,0.5,3,0.7,1.15,1.09,3.09,True,3,OK
2026-05-14 14:18:05,seguridad,4.2,0.833,6,0.84,3.16,0.75,1.95,True,6,OK
2026-05-14 14:18:05,pasaportes,2.373,0.5,6,0.791,1.89,0.8,2.8,True,6,OK
2026-05-14 14:18:05,embarque,5.314,2.0,3,0.886,6.13,1.15,1.65,True,3,OK
2026-05-14 14:18:08,checkin,2.24,0.286,6,1.0,inf,inf,inf,False,9,CRITICO
2026-05-14 14:18:08,bagdrop,1.6,0.5,3,1.0,inf,inf,inf,False,4,CRITICO
2026-05-14 14:18:08,seguridad,6.6,0.833,6,1.0,inf,inf,inf,False,6,CRITICO
2026-05-14 14:18:08,pasaportes,2.893,0.5,6,0.964,24.29,8.4,10.4,True,7,ABRIR
2026-05-14 14:18:08,embarque,5.254,2.0,3,0.876,5.45,1.04,1.54,True,3,OK
2026-05-14 14:18:11,checkin,2.17,0.286,9,0.844,2.89,1.33,4.83,True,9,OK
2026-05-14 14:18:11,bagdrop,1.55,0.5,4,0.775,1.9,1.23,3.23,True,4,OK
2026-05-14 14:18:11,seguridad,6.1,0.833,6,1.0,inf,inf,inf,False,6,CRITICO
2026-05-14 14:18:11,pasaportes,2.136,0.5,7,0.61,0.28,0.13,2.13,True,5,CERRAR
2026-05-14 14:18:11,embarque,4.607,2.0,3,0.768,1.97,0.43,0.93,True,3,OK
2026-05-14 14:18:14,checkin,1.26,0.286,9,0.49,0.04,0.03,3.53,True,5,CERRAR
2026-05-14 14:18:14,bagdrop,0.9,0.5,4,0.45,0.11,0.12,2.12,True,3,CERRAR
2026-05-14 14:18:14,seguridad,4.0,0.833,6,0.8,2.07,0.52,1.72,True,6,OK
2026-05-14 14:18:14,pasaportes,1.85,0.5,5,0.74,1.26,0.68,2.68,True,5,OK
2026-05-14 14:18:14,embarque,4.825,2.0,3,0.804,2.69,0.56,1.06,True,3,OK
2026-05-14 14:18:17,checkin,2.31,0.286,5,1.0,inf,inf,inf,False,9,CRITICO
2026-05-14 14:18:17,bagdrop,1.65,0.5,3,1.0,inf,inf,inf,False,4,CRITICO
2026-05-14 14:18:17,seguridad,5.7,0.833,6,1.0,inf,inf,inf,False,6,CRITICO
2026-05-14 14:18:17,pasaportes,3.091,0.5,5,1.0,inf,inf,inf,False,7,CRITICO
2026-05-14 14:18:17,embarque,4.129,2.0,3,0.688,1.05,0.25,0.75,True,3,OK
2026-05-14 14:18:20,checkin,2.31,0.286,9,0.898,6.01,2.6,6.1,True,9,OK
2026-05-14 14:18:20,bagdrop,1.65,0.5,4,0.825,3.03,1.83,3.83,True,4,OK
2026-05-14 14:18:20,seguridad,6.7,0.833,6,1.0,inf,inf,inf,False,6,CRITICO
2026-05-14 14:18:20,pasaportes,2.354,0.5,7,0.672,0.53,0.23,2.23,True,6,CERRAR
2026-05-14 14:18:20,embarque,4.848,2.0,3,0.808,2.78,0.57,1.07,True,3,OK
2026-05-14 14:18:23,checkin,1.33,0.286,9,0.517,0.06,0.04,3.54,True,6,CERRAR
2026-05-14 14:18:23,bagdrop,0.95,0.5,4,0.475,0.14,0.14,2.14,True,3,CERRAR
2026-05-14 14:18:23,seguridad,4.2,0.833,6,0.84,3.16,0.75,1.95,True,6,OK
2026-05-14 14:18:23,pasaportes,2.072,0.5,6,0.691,0.72,0.35,2.35,True,5,CERRAR
2026-05-14 14:18:23,embarque,3.764,2.0,3,0.627,0.66,0.17,0.67,True,2,CERRAR
2026-05-14 14:18:26,checkin,4.2,0.286,6,1.0,inf,inf,inf,False,12,CRITICO
2026-05-14 14:18:26,bagdrop,3.0,0.5,3,1.0,inf,inf,inf,False,7,CRITICO
2026-05-14 14:18:26,seguridad,10.0,0.833,6,1.0,inf,inf,inf,False,6,CRITICO
2026-05-14 14:18:26,pasaportes,5.225,0.5,5,1.0,inf,inf,inf,False,8,CRITICO
2026-05-14 14:18:26,embarque,10.387,2.0,2,1.0,inf,inf,inf,False,4,CRITICO
2026-05-14 14:18:29,checkin,4.55,0.286,12,1.0,inf,inf,inf,False,12,CRITICO
2026-05-14 14:18:29,bagdrop,3.25,0.5,7,0.929,10.34,3.18,5.18,True,7,OK
2026-05-14 14:18:29,seguridad,10.3,0.833,6,1.0,inf,inf,inf,False,6,CRITICO
2026-05-14 14:18:29,pasaportes,4.709,0.5,8,1.0,inf,inf,inf,False,8,CRITICO
2026-05-14 14:18:29,embarque,7.871,2.0,4,0.984,58.67,7.45,7.95,True,4,OK
2026-05-14 14:18:32,checkin,3.57,0.286,12,1.0,inf,inf,inf,False,12,CRITICO
2026-05-14 14:18:32,bagdrop,2.55,0.5,7,0.729,0.94,0.37,2.37,True,6,CERRAR
2026-05-14 14:18:32,seguridad,10.6,0.833,6,1.0,inf,inf,inf,False,6,CRITICO
2026-05-14 14:18:32,pasaportes,5.293,0.5,8,1.0,inf,inf,inf,False,8,CRITICO
2026-05-14 14:18:32,embarque,10.654,2.0,4,1.0,inf,inf,inf,False,4,CRITICO
2026-05-14 14:18:35,checkin,3.43,0.286,12,1.0,inf,inf,inf,False,12,CRITICO
2026-05-14 14:18:35,bagdrop,2.45,0.5,6,0.817,2.46,1.0,3.0,True,6,OK
2026-05-14 14:18:35,seguridad,11.9,0.833,6,1.0,inf,inf,inf,False,6,CRITICO
2026-05-14 14:18:35,pasaportes,4.639,0.5,8,1.0,inf,inf,inf,False,8,CRITICO
2026-05-14 14:18:35,embarque,10.206,2.0,4,1.0,inf,inf,inf,False,4,CRITICO
2026-05-14 14:18:38,checkin,3.36,0.286,12,0.98,45.13,13.43,16.93,True,12,CRITICO
2026-05-14 14:18:38,bagdrop,2.4,0.5,6,0.8,2.07,0.86,2.86,True,6,OK
2026-05-14 14:18:38,seguridad,9.1,0.833,6,1.0,inf,inf,inf,False,6,CRITICO
2026-05-14 14:18:38,pasaportes,4.874,0.5,8,1.0,inf,inf,inf,False,8,CRITICO
2026-05-14 14:18:38,embarque,7.588,2.0,4,0.949,16.36,2.16,2.66,True,4,OK
2026-05-14 14:18:41,checkin,4.34,0.286,12,1.0,inf,inf,inf,False,12,CRITICO
2026-05-14 14:18:41,bagdrop,3.1,0.5,6,1.0,inf,inf,inf,False,7,CRITICO
2026-05-14 14:18:41,seguridad,11.4,0.833,6,1.0,inf,inf,inf,False,6,CRITICO
2026-05-14 14:18:41,pasaportes,5.782,0.5,8,1.0,inf,inf,inf,False,8,CRITICO
2026-05-14 14:18:41,embarque,11.359,2.0,4,1.0,inf,inf,inf,False,4,CRITICO
2026-05-14 14:18:44,checkin,4.06,0.286,12,1.0,inf,inf,inf,False,12,CRITICO
2026-05-14 14:18:44,bagdrop,2.9,0.5,7,0.829,2.65,0.91,2.91,True,7,OK
2026-05-14 14:18:44,seguridad,9.5,0.833,6,1.0,inf,inf,inf,False,6,CRITICO
2026-05-14 14:18:44,pasaportes,4.269,0.5,8,1.0,inf,inf,inf,False,8,CRITICO
2026-05-14 14:18:44,embarque,9.941,2.0,4,1.0,inf,inf,inf,False,4,CRITICO
2026-05-14 14:18:47,checkin,4.41,0.286,12,1.0,inf,inf,inf,False,12,CRITICO
2026-05-14 14:18:47,bagdrop,3.15,0.5,7,0.9,6.48,2.06,4.06,True,7,OK
2026-05-14 14:18:47,seguridad,11.3,0.833,6,1.0,inf,inf,inf,False,6,CRITICO
2026-05-14 14:18:47,pasaportes,5.721,0.5,8,1.0,inf,inf,inf,False,8,CRITICO
2026-05-14 14:18:47,embarque,8.364,2.0,4,1.0,inf,inf,inf,False,4,CRITICO
2026-05-14 14:18:50,checkin,2.52,0.286,12,0.735,0.66,0.26,3.76,True,10,CERRAR
2026-05-14 14:18:50,bagdrop,1.8,0.5,7,0.514,0.09,0.05,2.05,True,4,CERRAR
2026-05-14 14:18:50,seguridad,8.8,0.833,6,1.0,inf,inf,inf,False,6,CRITICO
2026-05-14 14:18:50,pasaportes,5.39,0.5,8,1.0,inf,inf,inf,False,8,CRITICO
2026-05-14 14:18:50,embarque,8.705,2.0,4,1.0,inf,inf,inf,False,4,CRITICO
2026-05-14 14:18:53,checkin,2.73,0.286,10,0.956,18.12,6.64,10.14,True,11,ABRIR
2026-05-14 14:18:53,bagdrop,1.95,0.5,4,0.975,36.86,18.9,20.9,True,5,CRITICO
2026-05-14 14:18:53,seguridad,10.9,0.833,6,1.0,inf,inf,inf,False,6,CRITICO
2026-05-14 14:18:53,pasaportes,6.376,0.5,8,1.0,inf,inf,inf,False,8,CRITICO
2026-05-14 14:18:53,embarque,9.137,2.0,4,1.0,inf,inf,inf,False,4,CRITICO
2026-05-14 14:18:56,checkin,3.29,0.286,11,1.0,inf,inf,inf,False,12,CRITICO
2026-05-14 14:18:56,bagdrop,2.35,0.5,5,0.94,13.38,5.69,7.69,True,6,ABRIR
2026-05-14 14:18:56,seguridad,9.6,0.833,6,1.0,inf,inf,inf,False,6,CRITICO
2026-05-14 14:18:56,pasaportes,6.48,0.5,8,1.0,inf,inf,inf,False,8,CRITICO
2026-05-14 14:18:56,embarque,9.21,2.0,4,1.0,inf,inf,inf,False,4,CRITICO
2026-05-14 14:18:59,checkin,4.2,0.286,12,1.0,inf,inf,inf,False,12,CRITICO
2026-05-14 14:18:59,bagdrop,3.0,0.5,6,1.0,inf,inf,inf,False,7,CRITICO
2026-05-14 14:18:59,seguridad,11.0,0.833,6,1.0,inf,inf,inf,False,6,CRITICO
2026-05-14 14:18:59,pasaportes,5.488,0.5,8,1.0,inf,inf,inf,False,8,CRITICO
2026-05-14 14:18:59,embarque,10.856,2.0,4,1.0,inf,inf,inf,False,4,CRITICO
2026-05-14 14:19:02,checkin,3.5,0.286,12,1.0,inf,inf,inf,False,12,CRITICO
2026-05-14 14:19:02,bagdrop,2.5,0.5,7,0.714,0.81,0.32,2.32,True,6,CERRAR
2026-05-14 14:19:02,seguridad,9.8,0.833,6,1.0,inf,inf,inf,False,6,CRITICO
2026-05-14 14:19:02,pasaportes,5.553,0.5,8,1.0,inf,inf,inf,False,8,CRITICO
2026-05-14 14:19:02,embarque,8.574,2.0,4,1.0,inf,inf,inf,False,4,CRITICO
2026-05-14 14:19:05,checkin,3.5,0.286,12,1.0,inf,inf,inf,False,12,CRITICO
2026-05-14 14:19:05,bagdrop,2.5,0.5,6,0.833,2.94,1.18,3.18,True,6,OK
2026-05-14 14:19:05,seguridad,10.3,0.833,6,1.0,inf,inf,inf,False,6,CRITICO
2026-05-14 14:19:05,pasaportes,4.809,0.5,8,1.0,inf,inf,inf,False,8,CRITICO
2026-05-14 14:19:05,embarque,10.371,2.0,4,1.0,inf,inf,inf,False,4,CRITICO
2026-05-14 14:19:08,checkin,5.46,0.286,12,1.0,inf,inf,inf,False,12,CRITICO
2026-05-14 14:19:08,bagdrop,3.9,0.5,6,1.0,inf,inf,inf,False,8,CRITICO
2026-05-14 14:19:08,seguridad,15.3,0.833,6,1.0,inf,inf,inf,False,6,CRITICO
2026-05-14 14:19:08,pasaportes,8.871,0.5,8,1.0,inf,inf,inf,False,8,CRITICO
2026-05-14 14:19:08,embarque,17.039,2.0,4,1.0,inf,inf,inf,False,4,CRITICO
2026-05-14 14:19:11,checkin,4.76,0.286,12,1.0,inf,inf,inf,False,12,CRITICO
2026-05-14 14:19:11,bagdrop,3.4,0.5,8,0.85,3.24,0.95,2.95,True,8,OK
2026-05-14 14:19:11,seguridad,15.9,0.833,6,1.0,inf,inf,inf,False,6,CRITICO
2026-05-14 14:19:11,pasaportes,7.989,0.5,8,1.0,inf,inf,inf,False,8,CRITICO
2026-05-14 14:19:11,embarque,14.731,2.0,4,1.0,inf,inf,inf,False,4,CRITICO
2026-05-14 14:19:14,checkin,5.32,0.286,12,1.0,inf,inf,inf,False,12,CRITICO
2026-05-14 14:19:14,bagdrop,3.8,0.5,8,0.95,16.04,4.22,6.22,True,8,OK
2026-05-14 14:19:14,seguridad,16.1,0.833,6,1.0,inf,inf,inf,False,6,CRITICO
2026-05-14 14:19:14,pasaportes,9.611,0.5,8,1.0,inf,inf,inf,False,8,CRITICO
2026-05-14 14:19:14,embarque,18.419,2.0,4,1.0,inf,inf,inf,False,4,CRITICO
2026-05-14 14:19:17,checkin,6.44,0.286,12,1.0,inf,inf,inf,False,12,CRITICO
2026-05-14 14:19:17,bagdrop,4.6,0.5,8,1.0,inf,inf,inf,False,8,CRITICO
2026-05-14 14:19:17,seguridad,17.1,0.833,6,1.0,inf,inf,inf,False,6,CRITICO
2026-05-14 14:19:17,pasaportes,8.924,0.5,8,1.0,inf,inf,inf,False,8,CRITICO
2026-05-14 14:19:17,embarque,15.363,2.0,4,1.0,inf,inf,inf,False,4,CRITICO
2026-05-14 14:19:20,checkin,6.58,0.286,12,1.0,inf,inf,inf,False,12,CRITICO
2026-05-14 14:19:20,bagdrop,4.7,0.5,8,1.0,inf,inf,inf,False,8,CRITICO
2026-05-14 14:19:20,seguridad,17.8,0.833,6,1.0,inf,inf,inf,False,6,CRITICO
2026-05-14 14:19:20,pasaportes,8.652,0.5,8,1.0,inf,inf,inf,False,8,CRITICO
2026-05-14 14:19:20,embarque,14.924,2.0,4,1.0,inf,inf,inf,False,4,CRITICO
2026-05-14 14:19:23,checkin,5.46,0.286,12,1.0,inf,inf,inf,False,12,CRITICO
2026-05-14 14:19:23,bagdrop,3.9,0.5,8,0.975,35.9,9.2,11.2,True,8,OK
2026-05-14 14:19:23,seguridad,17.5,0.833,6,1.0,inf,inf,inf,False,6,CRITICO
2026-05-14 14:19:23,pasaportes,7.819,0.5,8,1.0,inf,inf,inf,False,8,CRITICO
2026-05-14 14:19:23,embarque,15.166,2.0,4,1.0,inf,inf,inf,False,4,CRITICO
2026-05-14 14:19:26,checkin,5.74,0.286,12,1.0,inf,inf,inf,False,12,CRITICO
2026-05-14 14:19:26,bagdrop,4.1,0.5,8,1.0,inf,inf,inf,False,8,CRITICO
2026-05-14 14:19:26,seguridad,17.3,0.833,6,1.0,inf,inf,inf,False,6,CRITICO
2026-05-14 14:19:26,pasaportes,9.896,0.5,8,1.0,inf,inf,inf,False,8,CRITICO
2026-05-14 14:19:26,embarque,14.427,2.0,4,1.0,inf,inf,inf,False,4,CRITICO
2026-05-14 14:19:29,checkin,4.9,0.286,12,1.0,inf,inf,inf,False,12,CRITICO
2026-05-14 14:19:29,bagdrop,3.5,0.5,8,0.875,4.45,1.27,3.27,True,8,OK
2026-05-14 14:19:29,seguridad,14.8,0.833,6,1.0,inf,inf,inf,False,6,CRITICO
2026-05-14 14:19:29,pasaportes,7.165,0.5,8,1.0,inf,inf,inf,False,8,CRITICO
2026-05-14 14:19:29,embarque,14.317,2.0,4,1.0,inf,inf,inf,False,4,CRITICO
2026-05-14 14:19:32,checkin,4.97,0.286,12,1.0,inf,inf,inf,False,12,CRITICO
2026-05-14 14:19:32,bagdrop,3.55,0.5,8,0.887,5.27,1.48,3.48,True,8,OK
2026-05-14 14:19:32,seguridad,15.7,0.833,6,1.0,inf,inf,inf,False,6,CRITICO
2026-05-14 14:19:32,pasaportes,10.166,0.5,8,1.0,inf,inf,inf,False,8,CRITICO
2026-05-14 14:19:32,embarque,17.642,2.0,4,1.0,inf,inf,inf,False,4,CRITICO
2026-05-14 14:19:35,checkin,6.02,0.286,12,1.0,inf,inf,inf,False,12,CRITICO
2026-05-14 14:19:35,bagdrop,4.3,0.5,8,1.0,inf,inf,inf,False,8,CRITICO
2026-05-14 14:19:35,seguridad,17.5,0.833,6,1.0,inf,inf,inf,False,6,CRITICO
2026-05-14 14:19:35,pasaportes,11.469,0.5,8,1.0,inf,inf,inf,False,8,CRITICO
2026-05-14 14:19:35,embarque,15.491,2.0,4,1.0,inf,inf,inf,False,4,CRITICO
2026-05-14 14:19:38,checkin,1.96,0.286,12,0.572,0.07,0.04,3.54,True,8,CERRAR
2026-05-14 14:19:38,bagdrop,1.4,0.5,8,0.35,0.0,0.0,2.0,True,4,CERRAR
2026-05-14 14:19:38,seguridad,5.1,0.833,6,1.0,inf,inf,inf,False,6,CRITICO
2026-05-14 14:19:38,pasaportes,2.824,0.5,8,0.706,0.67,0.24,2.24,True,6,CERRAR
2026-05-14 14:19:38,embarque,4.013,2.0,4,0.502,0.18,0.04,0.54,True,3,CERRAR
2026-05-14 14:19:41,checkin,1.82,0.286,8,0.796,1.76,0.97,4.47,True,7,CERRAR
2026-05-14 14:19:41,bagdrop,1.3,0.5,4,0.65,0.66,0.51,2.51,True,3,CERRAR
2026-05-14 14:19:41,seguridad,5.1,0.833,6,1.0,inf,inf,inf,False,6,CRITICO
2026-05-14 14:19:41,pasaportes,2.374,0.5,6,0.791,1.9,0.8,2.8,True,6,OK
2026-05-14 14:19:41,embarque,4.588,2.0,3,0.765,1.92,0.42,0.92,True,3,OK
2026-05-14 14:19:44,checkin,1.26,0.286,7,0.63,0.34,0.27,3.77,True,5,CERRAR
2026-05-14 14:19:44,bagdrop,0.9,0.5,3,0.6,0.53,0.59,2.59,True,3,OK
2026-05-14 14:19:44,seguridad,4.6,0.833,6,0.92,9.08,1.97,3.17,True,6,OK
2026-05-14 14:19:44,pasaportes,2.518,0.5,6,0.839,3.13,1.24,3.24,True,6,OK
2026-05-14 14:19:44,embarque,3.941,2.0,3,0.657,0.82,0.21,0.71,True,3,OK
2026-05-14 14:19:47,checkin,1.68,0.286,5,1.0,inf,inf,inf,False,7,CRITICO
2026-05-14 14:19:47,bagdrop,1.2,0.5,3,0.8,2.59,2.16,4.16,True,3,OK
2026-05-14 14:19:47,seguridad,4.8,0.833,6,0.96,21.4,4.46,5.66,True,6,OK
2026-05-14 14:19:47,pasaportes,2.19,0.5,6,0.73,1.04,0.48,2.48,True,5,CERRAR
2026-05-14 14:19:47,embarque,3.955,2.0,3,0.659,0.84,0.21,0.71,True,3,OK
2026-05-14 14:19:50,checkin,2.45,0.286,7,1.0,inf,inf,inf,False,10,CRITICO
2026-05-14 14:19:50,bagdrop,1.75,0.5,3,1.0,inf,inf,inf,False,4,CRITICO
2026-05-14 14:19:50,seguridad,6.4,0.833,6,1.0,inf,inf,inf,False,6,CRITICO
2026-05-14 14:19:50,pasaportes,2.27,0.5,5,0.908,7.7,3.39,5.39,True,5,OK
2026-05-14 14:19:50,embarque,3.815,2.0,3,0.636,0.7,0.18,0.68,True,3,OK
2026-05-14 14:19:53,checkin,2.45,0.286,10,0.857,3.31,1.35,4.85,True,10,OK
2026-05-14 14:19:53,bagdrop,1.75,0.5,4,0.875,5.17,2.95,4.95,True,4,OK
2026-05-14 14:19:53,seguridad,6.3,0.833,6,1.0,inf,inf,inf,False,6,CRITICO
2026-05-14 14:19:53,pasaportes,1.959,0.5,5,0.783,1.89,0.97,2.97,True,5,OK
2026-05-14 14:19:53,embarque,4.746,2.0,3,0.791,2.39,0.5,1.0,True,3,OK
2026-05-14 14:19:56,checkin,2.45,0.286,10,0.857,3.31,1.35,4.85,True,10,OK
2026-05-14 14:19:56,bagdrop,1.75,0.5,4,0.875,5.17,2.95,4.95,True,4,OK
2026-05-14 14:19:56,seguridad,5.3,0.833,6,1.0,inf,inf,inf,False,6,CRITICO
2026-05-14 14:19:56,pasaportes,2.096,0.5,5,0.839,3.27,1.56,3.56,True,5,OK
2026-05-14 14:19:56,embarque,4.777,2.0,3,0.796,2.5,0.52,1.02,True,3,OK
2026-05-14 14:19:59,checkin,2.03,0.286,10,0.71,0.58,0.29,3.79,True,8,CERRAR
2026-05-14 14:19:59,bagdrop,1.45,0.5,4,0.725,1.23,0.85,2.85,True,4,OK
2026-05-14 14:19:59,seguridad,6.3,0.833,6,1.0,inf,inf,inf,False,6,CRITICO
2026-05-14 14:19:59,pasaportes,2.409,0.5,5,0.963,24.02,9.97,11.97,True,6,ABRIR
2026-05-14 14:19:59,embarque,4.821,2.0,3,0.803,2.67,0.55,1.05,True,3,OK
2026-05-14 14:20:02,checkin,2.24,0.286,8,0.98,45.87,20.48,23.98,True,9,CRITICO
2026-05-14 14:20:02,bagdrop,1.6,0.5,4,0.8,2.39,1.49,3.49,True,4,OK
2026-05-14 14:20:02,seguridad,5.3,0.833,6,1.0,inf,inf,inf,False,6,CRITICO
2026-05-14 14:20:02,pasaportes,1.896,0.5,6,0.632,0.41,0.21,2.21,True,5,CERRAR
2026-05-14 14:20:02,embarque,4.327,2.0,3,0.721,1.35,0.31,0.81,True,3,OK
2026-05-14 14:20:05,checkin,1.82,0.286,9,0.708,0.62,0.34,3.84,True,7,CERRAR
2026-05-14 14:20:05,bagdrop,1.3,0.5,4,0.65,0.66,0.51,2.51,True,3,CERRAR
2026-05-14 14:20:05,seguridad,4.7,0.833,6,0.94,13.16,2.8,4.0,True,6,OK
2026-05-14 14:20:05,pasaportes,1.929,0.5,5,0.771,1.69,0.88,2.88,True,5,OK
2026-05-14 14:20:05,embarque,4.411,2.0,3,0.735,1.51,0.34,0.84,True,3,OK
2026-05-14 14:20:08,checkin,1.54,0.286,7,0.77,1.42,0.92,4.42,True,6,CERRAR
2026-05-14 14:20:08,bagdrop,1.1,0.5,3,0.733,1.49,1.36,3.36,True,3,OK
2026-05-14 14:20:08,seguridad,4.7,0.833,6,0.94,13.16,2.8,4.0,True,6,OK
2026-05-14 14:20:08,pasaportes,2.079,0.5,5,0.831,3.04,1.46,3.46,True,5,OK
2026-05-14 14:20:08,embarque,4.236,2.0,3,0.706,1.2,0.28,0.78,True,3,OK
2026-05-14 14:20:11,checkin,2.45,0.286,6,1.0,inf,inf,inf,False,10,CRITICO
2026-05-14 14:20:11,bagdrop,1.75,0.5,3,1.0,inf,inf,inf,False,4,CRITICO
2026-05-14 14:20:11,seguridad,6.2,0.833,6,1.0,inf,inf,inf,False,6,CRITICO
2026-05-14 14:20:11,pasaportes,2.647,0.5,5,1.0,inf,inf,inf,False,6,CRITICO
2026-05-14 14:20:11,embarque,5.626,2.0,3,0.938,13.32,2.37,2.87,True,3,OK
2026-05-14 14:20:14,checkin,1.47,0.286,10,0.515,0.05,0.03,3.53,True,6,CERRAR
2026-05-14 14:20:14,bagdrop,1.05,0.5,4,0.525,0.22,0.21,2.21,True,3,CERRAR
2026-05-14 14:20:14,seguridad,5.1,0.833,6,1.0,inf,inf,inf,False,6,CRITICO
2026-05-14 14:20:14,pasaportes,2.874,0.5,6,0.958,20.17,7.02,9.02,True,7,ABRIR
2026-05-14 14:20:14,embarque,4.638,2.0,3,0.773,2.06,0.44,0.94,True,3,OK
2026-05-14 14:20:17,checkin,2.38,0.286,6,1.0,inf,inf,inf,False,9,CRITICO
2026-05-14 14:20:17,bagdrop,1.7,0.5,3,1.0,inf,inf,inf,False,4,CRITICO
2026-05-14 14:20:17,seguridad,6.5,0.833,6,1.0,inf,inf,inf,False,6,CRITICO
2026-05-14 14:20:17,pasaportes,2.731,0.5,7,0.78,1.58,0.58,2.58,True,6,CERRAR
2026-05-14 14:20:17,embarque,4.859,2.0,3,0.81,2.83,0.58,1.08,True,3,OK
2026-05-14 14:20:20,checkin,0.84,0.286,9,0.327,0.0,0.0,3.5,True,4,CERRAR
2026-05-14 14:20:20,bagdrop,0.6,0.5,4,0.3,0.02,0.03,2.03,True,2,CERRAR
2026-05-14 14:20:20,seguridad,1.9,0.833,6,0.38,0.02,0.01,1.21,True,3,CERRAR
2026-05-14 14:20:20,pasaportes,0.764,0.5,6,0.255,0.0,0.0,2.0,True,2,CERRAR
2026-05-14 14:20:20,embarque,1.493,2.0,3,0.249,0.01,0.01,0.51,True,1,CERRAR
2026-05-14 14:20:23,checkin,1.05,0.286,4,0.919,9.34,8.9,12.4,True,5,ABRIR
2026-05-14 14:20:23,bagdrop,0.75,0.5,2,0.75,1.93,2.57,4.57,True,2,OK
2026-05-14 14:20:23,seguridad,2.0,0.833,3,0.8,2.59,1.29,2.49,True,3,OK
2026-05-14 14:20:23,pasaportes,0.925,0.5,2,0.925,10.96,11.85,13.85,True,3,CRITICO
2026-05-14 14:20:23,embarque,1.688,2.0,1,0.844,4.56,2.7,3.2,True,1,OK
2026-05-14 14:20:26,checkin,0.56,0.286,5,0.392,0.04,0.06,3.56,True,3,CERRAR
2026-05-14 14:20:26,bagdrop,0.4,0.5,2,0.4,0.15,0.38,2.38,True,2,OK
2026-05-14 14:20:26,seguridad,1.5,0.833,3,0.6,0.53,0.35,1.55,True,3,OK
2026-05-14 14:20:26,pasaportes,0.769,0.5,3,0.513,0.26,0.34,2.34,True,2,CERRAR
2026-05-14 14:20:26,embarque,1.691,2.0,1,0.845,4.62,2.73,3.23,True,1,OK
2026-05-14 14:20:29,checkin,0.56,0.286,3,0.653,0.8,1.43,4.93,True,3,OK
2026-05-14 14:20:29,bagdrop,0.4,0.5,2,0.4,0.15,0.38,2.38,True,2,OK
2026-05-14 14:20:29,seguridad,2.0,0.833,3,0.8,2.59,1.29,2.49,True,3,OK
2026-05-14 14:20:29,pasaportes,0.925,0.5,2,0.925,10.96,11.85,13.85,True,3,CRITICO
2026-05-14 14:20:29,embarque,1.488,2.0,1,0.744,2.16,1.45,1.95,True,1,OK
2026-05-14 14:20:32,checkin,0.63,0.286,3,0.735,1.51,2.4,5.9,True,3,OK
2026-05-14 14:20:32,bagdrop,0.45,0.5,2,0.45,0.23,0.51,2.51,True,2,OK
2026-05-14 14:20:32,seguridad,1.7,0.833,3,0.68,0.98,0.58,1.78,True,3,OK
2026-05-14 14:20:32,pasaportes,0.891,0.5,3,0.594,0.51,0.57,2.57,True,3,OK
2026-05-14 14:20:32,embarque,1.229,2.0,1,0.615,0.98,0.8,1.3,True,1,OK
2026-05-14 14:20:35,checkin,0.91,0.286,3,1.0,inf,inf,inf,False,4,CRITICO
2026-05-14 14:20:35,bagdrop,0.65,0.5,2,0.65,0.95,1.46,3.46,True,2,OK
2026-05-14 14:20:35,seguridad,2.0,0.833,3,0.8,2.59,1.29,2.49,True,3,OK
2026-05-14 14:20:35,pasaportes,0.725,0.5,3,0.483,0.21,0.28,2.28,True,2,CERRAR
2026-05-14 14:20:35,embarque,1.587,2.0,1,0.794,3.05,1.92,2.42,True,1,OK
2026-05-14 14:20:38,checkin,0.7,0.286,4,0.613,0.48,0.68,4.18,True,3,CERRAR
2026-05-14 14:20:38,bagdrop,0.5,0.5,2,0.5,0.33,0.67,2.67,True,2,OK
2026-05-14 14:20:38,seguridad,1.7,0.833,3,0.68,0.98,0.58,1.78,True,3,OK
2026-05-14 14:20:38,pasaportes,0.891,0.5,2,0.891,6.88,7.72,9.72,True,3,ABRIR
2026-05-14 14:20:38,embarque,1.829,2.0,1,0.915,9.81,5.36,5.86,True,2,ABRIR
2026-05-14 14:20:41,checkin,0.77,0.286,3,0.898,7.19,9.34,12.84,True,4,ABRIR
2026-05-14 14:20:41,bagdrop,0.55,0.5,2,0.55,0.48,0.87,2.87,True,2,OK
2026-05-14 14:20:41,seguridad,1.8,0.833,3,0.72,1.34,0.75,1.95,True,3,OK
2026-05-14 14:20:41,pasaportes,0.702,0.5,3,0.468,0.18,0.26,2.26,True,2,CERRAR
2026-05-14 14:20:41,embarque,1.849,2.0,2,0.462,0.25,0.14,0.64,True,2,OK
2026-05-14 14:20:44,checkin,0.91,0.286,4,0.796,2.3,2.53,6.03,True,4,OK
2026-05-14 14:20:44,bagdrop,0.65,0.5,2,0.65,0.95,1.46,3.46,True,2,OK
2026-05-14 14:20:44,seguridad,1.8,0.833,3,0.72,1.34,0.75,1.95,True,3,OK
2026-05-14 14:20:44,pasaportes,0.653,0.5,2,0.653,0.97,1.48,3.48,True,2,OK
2026-05-14 14:20:44,embarque,1.374,2.0,2,0.343,0.09,0.07,0.57,True,1,CERRAR
2026-05-14 14:20:47,checkin,0.91,0.286,4,0.796,2.3,2.53,6.03,True,4,OK
2026-05-14 14:20:47,bagdrop,0.65,0.5,2,0.65,0.95,1.46,3.46,True,2,OK
2026-05-14 14:20:47,seguridad,2.6,0.833,3,1.0,inf,inf,inf,False,4,CRITICO
2026-05-14 14:20:47,pasaportes,1.192,0.5,2,1.0,inf,inf,inf,False,3,CRITICO
2026-05-14 14:20:47,embarque,2.104,2.0,1,1.0,inf,inf,inf,False,2,CRITICO
2026-05-14 14:20:50,checkin,0.77,0.286,4,0.674,0.8,1.04,4.54,True,4,OK
2026-05-14 14:20:50,bagdrop,0.55,0.5,2,0.55,0.48,0.87,2.87,True,2,OK
2026-05-14 14:20:50,seguridad,2.1,0.833,4,0.63,0.56,0.26,1.46,True,3,CERRAR
2026-05-14 14:20:50,pasaportes,0.636,0.5,3,0.424,0.12,0.19,2.19,True,2,CERRAR
2026-05-14 14:20:50,embarque,1.507,2.0,2,0.377,0.12,0.08,0.58,True,1,CERRAR
2026-05-14 14:20:53,checkin,0.63,0.286,4,0.551,0.28,0.44,3.94,True,3,CERRAR
2026-05-14 14:20:53,bagdrop,0.45,0.5,2,0.45,0.23,0.51,2.51,True,2,OK
2026-05-14 14:20:53,seguridad,1.6,0.833,3,0.64,0.72,0.45,1.65,True,3,OK
2026-05-14 14:20:53,pasaportes,0.58,0.5,2,0.58,0.59,1.01,3.01,True,2,OK
2026-05-14 14:20:53,embarque,1.81,2.0,1,0.905,8.62,4.76,5.26,True,1,OK
2026-05-14 14:20:56,checkin,2.24,0.286,3,1.0,inf,inf,inf,False,9,CRITICO
2026-05-14 14:20:56,bagdrop,1.6,0.5,2,1.0,inf,inf,inf,False,4,CRITICO
2026-05-14 14:20:56,seguridad,6.3,0.833,3,1.0,inf,inf,inf,False,6,CRITICO
2026-05-14 14:20:56,pasaportes,3.059,0.5,2,1.0,inf,inf,inf,False,7,CRITICO
2026-05-14 14:20:56,embarque,6.196,2.0,1,1.0,inf,inf,inf,False,4,CRITICO
2026-05-14 14:20:59,checkin,1.82,0.286,9,0.708,0.62,0.34,3.84,True,7,CERRAR
2026-05-14 14:20:59,bagdrop,1.3,0.5,4,0.65,0.66,0.51,2.51,True,3,CERRAR
2026-05-14 14:20:59,seguridad,5.1,0.833,6,1.0,inf,inf,inf,False,6,CRITICO
2026-05-14 14:20:59,pasaportes,2.174,0.5,7,0.621,0.31,0.14,2.14,True,5,CERRAR
2026-05-14 14:20:59,embarque,3.588,2.0,4,0.449,0.1,0.03,0.53,True,2,CERRAR
2026-05-14 14:21:02,checkin,2.24,0.286,7,1.0,inf,inf,inf,False,9,CRITICO
2026-05-14 14:21:02,bagdrop,1.6,0.5,3,1.0,inf,inf,inf,False,4,CRITICO
2026-05-14 14:21:02,seguridad,5.0,0.833,6,1.0,inf,inf,inf,False,6,CRITICO
2026-05-14 14:21:02,pasaportes,2.263,0.5,5,0.905,7.37,3.26,5.26,True,5,OK
2026-05-14 14:21:02,embarque,3.669,2.0,2,0.917,9.72,2.65,3.15,True,2,OK
2026-05-14 14:21:05,checkin,1.33,0.286,9,0.517,0.06,0.04,3.54,True,6,CERRAR
2026-05-14 14:21:05,bagdrop,0.95,0.5,4,0.475,0.14,0.14,2.14,True,3,CERRAR
2026-05-14 14:21:05,seguridad,4.3,0.833,6,0.86,3.97,0.92,2.12,True,6,OK
2026-05-14 14:21:05,pasaportes,2.634,0.5,5,1.0,inf,inf,inf,False,6,CRITICO
2026-05-14 14:21:05,embarque,4.008,2.0,2,1.0,inf,inf,inf,False,3,CRITICO
2026-05-14 14:21:08,checkin,2.17,0.286,6,1.0,inf,inf,inf,False,9,CRITICO
2026-05-14 14:21:08,bagdrop,1.55,0.5,3,1.0,inf,inf,inf,False,4,CRITICO
2026-05-14 14:21:08,seguridad,6.5,0.833,6,1.0,inf,inf,inf,False,6,CRITICO
2026-05-14 14:21:08,pasaportes,2.231,0.5,6,0.744,1.19,0.53,2.53,True,5,CERRAR
2026-05-14 14:21:08,embarque,4.559,2.0,3,0.76,1.85,0.4,0.9,True,3,OK
2026-05-14 14:21:11,checkin,1.89,0.286,9,0.735,0.84,0.44,3.94,True,8,CERRAR
2026-05-14 14:21:11,bagdrop,1.35,0.5,4,0.675,0.81,0.6,2.6,True,4,OK
2026-05-14 14:21:11,seguridad,5.3,0.833,6,1.0,inf,inf,inf,False,6,CRITICO
2026-05-14 14:21:11,pasaportes,3.096,0.5,5,1.0,inf,inf,inf,False,7,CRITICO
2026-05-14 14:21:11,embarque,4.177,2.0,3,0.696,1.12,0.27,0.77,True,3,OK
2026-05-14 14:21:14,checkin,2.31,0.286,8,1.0,inf,inf,inf,False,9,CRITICO
2026-05-14 14:21:14,bagdrop,1.65,0.5,4,0.825,3.03,1.83,3.83,True,4,OK
2026-05-14 14:21:14,seguridad,6.7,0.833,6,1.0,inf,inf,inf,False,6,CRITICO
2026-05-14 14:21:14,pasaportes,2.854,0.5,7,0.815,2.29,0.8,2.8,True,7,OK
2026-05-14 14:21:14,embarque,5.448,2.0,3,0.908,8.21,1.51,2.01,True,3,OK
2026-05-14 14:21:18,checkin,1.4,0.286,9,0.544,0.09,0.06,3.56,True,6,CERRAR
2026-05-14 14:21:18,bagdrop,1.0,0.5,4,0.5,0.17,0.17,2.17,True,3,CERRAR
2026-05-14 14:21:18,seguridad,3.8,0.833,6,0.76,1.39,0.37,1.57,True,5,CERRAR
2026-05-14 14:21:18,pasaportes,2.377,0.5,7,0.679,0.57,0.24,2.24,True,6,CERRAR
2026-05-14 14:21:18,embarque,4.211,2.0,3,0.702,1.17,0.28,0.78,True,3,OK
2026-05-14 14:21:21,checkin,1.47,0.286,6,0.858,3.86,2.62,6.12,True,6,OK
2026-05-14 14:21:21,bagdrop,1.05,0.5,3,0.7,1.15,1.09,3.09,True,3,OK
2026-05-14 14:21:21,seguridad,5.3,0.833,5,1.0,inf,inf,inf,False,6,CRITICO
2026-05-14 14:21:21,pasaportes,2.146,0.5,6,0.715,0.91,0.42,2.42,True,5,CERRAR
2026-05-14 14:21:21,embarque,4.102,2.0,3,0.684,1.01,0.25,0.75,True,3,OK
2026-05-14 14:21:24,checkin,1.33,0.286,6,0.776,1.63,1.22,4.72,True,6,OK
2026-05-14 14:21:24,bagdrop,0.95,0.5,3,0.633,0.69,0.72,2.72,True,3,OK
2026-05-14 14:21:24,seguridad,4.1,0.833,6,0.82,2.55,0.62,1.82,True,6,OK
2026-05-14 14:21:24,pasaportes,2.361,0.5,5,0.945,14.72,6.23,8.23,True,6,ABRIR
2026-05-14 14:21:24,embarque,3.794,2.0,3,0.632,0.68,0.18,0.68,True,2,CERRAR
2026-05-14 14:21:27,checkin,2.03,0.286,6,1.0,inf,inf,inf,False,8,CRITICO
2026-05-14 14:21:27,bagdrop,1.45,0.5,3,0.967,27.19,18.75,20.75,True,4,CRITICO
2026-05-14 14:21:27,seguridad,5.4,0.833,6,1.0,inf,inf,inf,False,6,CRITICO
2026-05-14 14:21:27,pasaportes,2.257,0.5,6,0.752,1.3,0.57,2.57,True,5,CERRAR
2026-05-14 14:21:27,embarque,4.971,2.0,2,1.0,inf,inf,inf,False,3,CRITICO
2026-05-14 14:21:30,checkin,1.68,0.286,8,0.735,0.91,0.54,4.04,True,7,CERRAR
2026-05-14 14:21:30,bagdrop,1.2,0.5,4,0.6,0.43,0.36,2.36,True,3,CERRAR
2026-05-14 14:21:30,seguridad,4.3,0.833,6,0.86,3.97,0.92,2.12,True,6,OK
2026-05-14 14:21:30,pasaportes,2.484,0.5,5,0.993,150.36,60.54,62.54,True,6,CRITICO
2026-05-14 14:21:30,embarque,4.933,2.0,3,0.822,3.16,0.64,1.14,True,3,OK
2026-05-14 14:21:33,checkin,3.36,0.286,7,1.0,inf,inf,inf,False,12,CRITICO
2026-05-14 14:21:33,bagdrop,2.4,0.5,3,1.0,inf,inf,inf,False,6,CRITICO
2026-05-14 14:21:33,seguridad,9.1,0.833,6,1.0,inf,inf,inf,False,6,CRITICO
2026-05-14 14:21:33,pasaportes,5.874,0.5,6,1.0,inf,inf,inf,False,8,CRITICO
2026-05-14 14:21:33,embarque,8.788,2.0,3,1.0,inf,inf,inf,False,4,CRITICO
2026-05-14 14:21:36,checkin,2.52,0.286,12,0.735,0.66,0.26,3.76,True,10,CERRAR
2026-05-14 14:21:36,bagdrop,1.8,0.5,6,0.6,0.29,0.16,2.16,True,4,CERRAR
2026-05-14 14:21:36,seguridad,7.9,0.833,6,1.0,inf,inf,inf,False,6,CRITICO
2026-05-14 14:21:36,pasaportes,4.239,0.5,8,1.0,inf,inf,inf,False,8,CRITICO
2026-05-14 14:21:36,embarque,9.156,2.0,4,1.0,inf,inf,inf,False,4,CRITICO
2026-05-14 14:21:39,checkin,4.27,0.286,10,1.0,inf,inf,inf,False,12,CRITICO
2026-05-14 14:21:39,bagdrop,3.05,0.5,4,1.0,inf,inf,inf,False,7,CRITICO
2026-05-14 14:21:39,seguridad,12.1,0.833,6,1.0,inf,inf,inf,False,6,CRITICO
2026-05-14 14:21:39,pasaportes,5.911,0.5,8,1.0,inf,inf,inf,False,8,CRITICO
2026-05-14 14:21:39,embarque,10.519,2.0,4,1.0,inf,inf,inf,False,4,CRITICO
2026-05-14 14:21:42,checkin,3.57,0.286,12,1.0,inf,inf,inf,False,12,CRITICO
2026-05-14 14:21:42,bagdrop,2.55,0.5,7,0.729,0.94,0.37,2.37,True,6,CERRAR
2026-05-14 14:21:42,seguridad,11.2,0.833,6,1.0,inf,inf,inf,False,6,CRITICO
2026-05-14 14:21:42,pasaportes,5.31,0.5,8,1.0,inf,inf,inf,False,8,CRITICO
2026-05-14 14:21:42,embarque,10.895,2.0,4,1.0,inf,inf,inf,False,4,CRITICO
2026-05-14 14:21:45,checkin,2.73,0.286,12,0.796,1.41,0.52,4.02,True,11,CERRAR
2026-05-14 14:21:45,bagdrop,1.95,0.5,6,0.65,0.48,0.25,2.25,True,5,CERRAR
2026-05-14 14:21:45,seguridad,9.3,0.833,6,1.0,inf,inf,inf,False,6,CRITICO
2026-05-14 14:21:45,pasaportes,4.796,0.5,8,1.0,inf,inf,inf,False,8,CRITICO
2026-05-14 14:21:45,embarque,9.127,2.0,4,1.0,inf,inf,inf,False,4,CRITICO
2026-05-14 14:21:48,checkin,4.13,0.286,11,1.0,inf,inf,inf,False,12,CRITICO
2026-05-14 14:21:48,bagdrop,2.95,0.5,5,1.0,inf,inf,inf,False,7,CRITICO
2026-05-14 14:21:48,seguridad,9.8,0.833,6,1.0,inf,inf,inf,False,6,CRITICO
2026-05-14 14:21:48,pasaportes,4.402,0.5,8,1.0,inf,inf,inf,False,8,CRITICO
2026-05-14 14:21:48,embarque,9.999,2.0,4,1.0,inf,inf,inf,False,4,CRITICO
2026-05-14 14:21:51,checkin,3.43,0.286,12,1.0,inf,inf,inf,False,12,CRITICO
2026-05-14 14:21:51,bagdrop,2.45,0.5,7,0.7,0.7,0.29,2.29,True,6,CERRAR
2026-05-14 14:21:51,seguridad,8.9,0.833,6,1.0,inf,inf,inf,False,6,CRITICO
2026-05-14 14:21:51,pasaportes,5.651,0.5,8,1.0,inf,inf,inf,False,8,CRITICO
2026-05-14 14:21:51,embarque,8.899,2.0,4,1.0,inf,inf,inf,False,4,CRITICO
2026-05-14 14:21:54,checkin,3.22,0.286,12,0.939,11.9,3.69,7.19,True,12,OK
2026-05-14 14:21:54,bagdrop,2.3,0.5,6,0.767,1.49,0.65,2.65,True,5,CERRAR
2026-05-14 14:21:54,seguridad,8.9,0.833,6,1.0,inf,inf,inf,False,6,CRITICO
2026-05-14 14:21:54,pasaportes,4.001,0.5,8,1.0,inf,inf,inf,False,8,CRITICO
2026-05-14 14:21:54,embarque,9.274,2.0,4,1.0,inf,inf,inf,False,4,CRITICO
2026-05-14 14:21:57,checkin,4.13,0.286,12,1.0,inf,inf,inf,False,12,CRITICO
2026-05-14 14:21:57,bagdrop,2.95,0.5,5,1.0,inf,inf,inf,False,7,CRITICO
2026-05-14 14:21:57,seguridad,10.5,0.833,6,1.0,inf,inf,inf,False,6,CRITICO
2026-05-14 14:21:57,pasaportes,6.081,0.5,8,1.0,inf,inf,inf,False,8,CRITICO
2026-05-14 14:21:57,embarque,10.734,2.0,4,1.0,inf,inf,inf,False,4,CRITICO
2026-05-14 14:22:00,checkin,3.5,0.286,12,1.0,inf,inf,inf,False,12,CRITICO
2026-05-14 14:22:00,bagdrop,2.5,0.5,7,0.714,0.81,0.32,2.32,True,6,CERRAR
2026-05-14 14:22:00,seguridad,11.8,0.833,6,1.0,inf,inf,inf,False,6,CRITICO
2026-05-14 14:22:00,pasaportes,5.978,0.5,8,1.0,inf,inf,inf,False,8,CRITICO
2026-05-14 14:22:00,embarque,9.411,2.0,4,1.0,inf,inf,inf,False,4,CRITICO
2026-05-14 14:22:03,checkin,3.5,0.286,12,1.0,inf,inf,inf,False,12,CRITICO
2026-05-14 14:22:03,bagdrop,2.5,0.5,6,0.833,2.94,1.18,3.18,True,6,OK
2026-05-14 14:22:03,seguridad,10.7,0.833,6,1.0,inf,inf,inf,False,6,CRITICO
2026-05-14 14:22:03,pasaportes,5.104,0.5,8,1.0,inf,inf,inf,False,8,CRITICO
2026-05-14 14:22:03,embarque,8.423,2.0,4,1.0,inf,inf,inf,False,4,CRITICO
2026-05-14 14:22:06,checkin,4.27,0.286,12,1.0,inf,inf,inf,False,12,CRITICO
2026-05-14 14:22:06,bagdrop,3.05,0.5,6,1.0,inf,inf,inf,False,7,CRITICO
2026-05-14 14:22:06,seguridad,12.0,0.833,6,1.0,inf,inf,inf,False,6,CRITICO
2026-05-14 14:22:06,pasaportes,6.2,0.5,8,1.0,inf,inf,inf,False,8,CRITICO
2026-05-14 14:22:06,embarque,11.1,2.0,4,1.0,inf,inf,inf,False,4,CRITICO
2026-05-14 14:22:09,checkin,3.99,0.286,12,1.0,inf,inf,inf,False,12,CRITICO
2026-05-14 14:22:09,bagdrop,2.85,0.5,7,0.814,2.26,0.79,2.79,True,7,OK
2026-05-14 14:22:09,seguridad,11.9,0.833,6,1.0,inf,inf,inf,False,6,CRITICO
2026-05-14 14:22:09,pasaportes,5.339,0.5,8,1.0,inf,inf,inf,False,8,CRITICO
2026-05-14 14:22:09,embarque,11.356,2.0,4,1.0,inf,inf,inf,False,4,CRITICO
2026-05-14 14:22:12,checkin,2.59,0.286,12,0.755,0.85,0.33,3.83,True,10,CERRAR
2026-05-14 14:22:12,bagdrop,1.85,0.5,7,0.529,0.11,0.06,2.06,True,5,CERRAR
2026-05-14 14:22:12,seguridad,10.5,0.833,6,1.0,inf,inf,inf,False,6,CRITICO
2026-05-14 14:22:12,pasaportes,5.831,0.5,8,1.0,inf,inf,inf,False,8,CRITICO
2026-05-14 14:22:12,embarque,9.709,2.0,4,1.0,inf,inf,inf,False,4,CRITICO
2026-05-14 14:22:15,checkin,4.76,0.286,10,1.0,inf,inf,inf,False,12,CRITICO
2026-05-14 14:22:15,bagdrop,3.4,0.5,5,1.0,inf,inf,inf,False,8,CRITICO
2026-05-14 14:22:15,seguridad,16.3,0.833,6,1.0,inf,inf,inf,False,6,CRITICO
2026-05-14 14:22:15,pasaportes,7.584,0.5,8,1.0,inf,inf,inf,False,8,CRITICO
2026-05-14 14:22:15,embarque,16.583,2.0,4,1.0,inf,inf,inf,False,4,CRITICO
2026-05-14 14:22:18,checkin,5.88,0.286,12,1.0,inf,inf,inf,False,12,CRITICO
2026-05-14 14:22:18,bagdrop,4.2,0.5,8,1.0,inf,inf,inf,False,8,CRITICO
2026-05-14 14:22:18,seguridad,18.5,0.833,6,1.0,inf,inf,inf,False,6,CRITICO
2026-05-14 14:22:18,pasaportes,11.681,0.5,8,1.0,inf,inf,inf,False,8,CRITICO
2026-05-14 14:22:18,embarque,15.934,2.0,4,1.0,inf,inf,inf,False,4,CRITICO
2026-05-14 14:22:21,checkin,5.6,0.286,12,1.0,inf,inf,inf,False,12,CRITICO
2026-05-14 14:22:21,bagdrop,4.0,0.5,8,1.0,inf,inf,inf,False,8,CRITICO
2026-05-14 14:22:21,seguridad,15.5,0.833,6,1.0,inf,inf,inf,False,6,CRITICO
2026-05-14 14:22:21,pasaportes,10.144,0.5,8,1.0,inf,inf,inf,False,8,CRITICO
2026-05-14 14:22:21,embarque,16.953,2.0,4,1.0,inf,inf,inf,False,4,CRITICO
2026-05-14 14:22:24,checkin,6.65,0.286,12,1.0,inf,inf,inf,False,12,CRITICO
2026-05-14 14:22:24,bagdrop,4.75,0.5,8,1.0,inf,inf,inf,False,8,CRITICO
2026-05-14 14:22:24,seguridad,19.6,0.833,6,1.0,inf,inf,inf,False,6,CRITICO
2026-05-14 14:22:24,pasaportes,8.855,0.5,8,1.0,inf,inf,inf,False,8,CRITICO
2026-05-14 14:22:24,embarque,16.723,2.0,4,1.0,inf,inf,inf,False,4,CRITICO
2026-05-14 14:22:27,checkin,6.37,0.286,12,1.0,inf,inf,inf,False,12,CRITICO
2026-05-14 14:22:27,bagdrop,4.55,0.5,8,1.0,inf,inf,inf,False,8,CRITICO
2026-05-14 14:22:27,seguridad,18.3,0.833,6,1.0,inf,inf,inf,False,6,CRITICO
2026-05-14 14:22:27,pasaportes,10.359,0.5,8,1.0,inf,inf,inf,False,8,CRITICO
2026-05-14 14:22:27,embarque,17.146,2.0,4,1.0,inf,inf,inf,False,4,CRITICO
2026-05-14 14:22:30,checkin,5.95,0.286,12,1.0,inf,inf,inf,False,12,CRITICO
2026-05-14 14:22:30,bagdrop,4.25,0.5,8,1.0,inf,inf,inf,False,8,CRITICO
2026-05-14 14:22:30,seguridad,16.6,0.833,6,1.0,inf,inf,inf,False,6,CRITICO
2026-05-14 14:22:30,pasaportes,10.668,0.5,8,1.0,inf,inf,inf,False,8,CRITICO
2026-05-14 14:22:30,embarque,18.466,2.0,4,1.0,inf,inf,inf,False,4,CRITICO
2026-05-14 14:22:33,checkin,4.83,0.286,12,1.0,inf,inf,inf,False,12,CRITICO
2026-05-14 14:22:33,bagdrop,3.45,0.5,8,0.863,3.79,1.1,3.1,True,8,OK
2026-05-14 14:22:33,seguridad,15.1,0.833,6,1.0,inf,inf,inf,False,6,CRITICO
2026-05-14 14:22:33,pasaportes,9.299,0.5,8,1.0,inf,inf,inf,False,8,CRITICO
2026-05-14 14:22:33,embarque,15.576,2.0,4,1.0,inf,inf,inf,False,4,CRITICO
2026-05-14 14:22:36,checkin,4.9,0.286,12,1.0,inf,inf,inf,False,12,CRITICO
2026-05-14 14:22:36,bagdrop,3.5,0.5,8,0.875,4.45,1.27,3.27,True,8,OK
2026-05-14 14:22:36,seguridad,17.8,0.833,6,1.0,inf,inf,inf,False,6,CRITICO
2026-05-14 14:22:36,pasaportes,8.453,0.5,8,1.0,inf,inf,inf,False,8,CRITICO
2026-05-14 14:22:36,embarque,14.774,2.0,4,1.0,inf,inf,inf,False,4,CRITICO
2026-05-14 14:22:39,checkin,5.32,0.286,12,1.0,inf,inf,inf,False,12,CRITICO
2026-05-14 14:22:39,bagdrop,3.8,0.5,8,0.95,16.04,4.22,6.22,True,8,OK
2026-05-14 14:22:39,seguridad,15.2,0.833,6,1.0,inf,inf,inf,False,6,CRITICO
2026-05-14 14:22:39,pasaportes,8.31,0.5,8,1.0,inf,inf,inf,False,8,CRITICO
2026-05-14 14:22:39,embarque,15.645,2.0,4,1.0,inf,inf,inf,False,4,CRITICO
2026-05-14 14:22:42,checkin,6.58,0.286,12,1.0,inf,inf,inf,False,12,CRITICO
2026-05-14 14:22:42,bagdrop,4.7,0.5,8,1.0,inf,inf,inf,False,8,CRITICO
2026-05-14 14:22:42,seguridad,16.7,0.833,6,1.0,inf,inf,inf,False,6,CRITICO
2026-05-14 14:22:42,pasaportes,11.229,0.5,8,1.0,inf,inf,inf,False,8,CRITICO
2026-05-14 14:22:42,embarque,18.961,2.0,4,1.0,inf,inf,inf,False,4,CRITICO
2026-05-14 14:22:45,checkin,1.33,0.286,12,0.388,0.0,0.0,3.5,True,6,CERRAR
2026-05-14 14:22:45,bagdrop,0.95,0.5,8,0.237,0.0,0.0,2.0,True,3,CERRAR
2026-05-14 14:22:45,seguridad,5.0,0.833,6,1.0,inf,inf,inf,False,6,CRITICO
2026-05-14 14:22:45,pasaportes,2.712,0.5,8,0.678,0.5,0.18,2.18,True,6,CERRAR
2026-05-14 14:22:45,embarque,5.594,2.0,4,0.699,0.99,0.18,0.68,True,3,CERRAR
2026-05-14 14:22:48,checkin,1.47,0.286,6,0.858,3.86,2.62,6.12,True,6,OK
2026-05-14 14:22:48,bagdrop,1.05,0.5,3,0.7,1.15,1.09,3.09,True,3,OK
2026-05-14 14:22:48,seguridad,3.7,0.833,6,0.74,1.15,0.31,1.51,True,5,CERRAR
2026-05-14 14:22:48,pasaportes,2.116,0.5,6,0.705,0.83,0.39,2.39,True,5,CERRAR
2026-05-14 14:22:48,embarque,4.517,2.0,3,0.753,1.74,0.39,0.89,True,3,OK
2026-05-14 14:22:51,checkin,2.17,0.286,6,1.0,inf,inf,inf,False,9,CRITICO
2026-05-14 14:22:51,bagdrop,1.55,0.5,3,1.0,inf,inf,inf,False,4,CRITICO
2026-05-14 14:22:51,seguridad,5.8,0.833,5,1.0,inf,inf,inf,False,6,CRITICO
2026-05-14 14:22:51,pasaportes,2.703,0.5,5,1.0,inf,inf,inf,False,6,CRITICO
2026-05-14 14:22:51,embarque,4.649,2.0,3,0.775,2.09,0.45,0.95,True,3,OK
2026-05-14 14:22:54,checkin,2.24,0.286,9,0.871,4.09,1.83,5.33,True,9,OK
2026-05-14 14:22:54,bagdrop,1.6,0.5,4,0.8,2.39,1.49,3.49,True,4,OK
2026-05-14 14:22:54,seguridad,5.7,0.833,6,1.0,inf,inf,inf,False,6,CRITICO
2026-05-14 14:22:54,pasaportes,2.591,0.5,6,0.864,4.15,1.6,3.6,True,6,OK
2026-05-14 14:22:54,embarque,4.629,2.0,3,0.772,2.03,0.44,0.94,True,3,OK
2026-05-14 14:22:57,checkin,1.54,0.286,9,0.599,0.18,0.11,3.61,True,6,CERRAR
2026-05-14 14:22:57,bagdrop,1.1,0.5,4,0.55,0.28,0.25,2.25,True,3,CERRAR
2026-05-14 14:22:57,seguridad,3.9,0.833,6,0.78,1.7,0.43,1.63,True,5,CERRAR
2026-05-14 14:22:57,pasaportes,2.239,0.5,6,0.746,1.22,0.54,2.54,True,5,CERRAR
2026-05-14 14:22:57,embarque,5.056,2.0,3,0.843,3.84,0.76,1.26,True,3,OK
2026-05-14 14:23:00,checkin,2.45,0.286,6,1.0,inf,inf,inf,False,10,CRITICO
2026-05-14 14:23:00,bagdrop,1.75,0.5,3,1.0,inf,inf,inf,False,4,CRITICO
2026-05-14 14:23:00,seguridad,5.2,0.833,5,1.0,inf,inf,inf,False,6,CRITICO
2026-05-14 14:23:00,pasaportes,2.035,0.5,5,0.814,2.54,1.25,3.25,True,5,OK
2026-05-14 14:23:00,embarque,4.832,2.0,3,0.805,2.72,0.56,1.06,True,3,OK
2026-05-14 14:23:03,checkin,1.54,0.286,10,0.539,0.07,0.04,3.54,True,6,CERRAR
2026-05-14 14:23:03,bagdrop,1.1,0.5,4,0.55,0.28,0.25,2.25,True,3,CERRAR
2026-05-14 14:23:03,seguridad,5.4,0.833,6,1.0,inf,inf,inf,False,6,CRITICO
2026-05-14 14:23:03,pasaportes,2.857,0.5,5,1.0,inf,inf,inf,False,7,CRITICO
2026-05-14 14:23:03,embarque,5.621,2.0,3,0.937,13.11,2.33,2.83,True,3,OK
2026-05-14 14:23:06,checkin,2.45,0.286,6,1.0,inf,inf,inf,False,10,CRITICO
2026-05-14 14:23:06,bagdrop,1.75,0.5,3,1.0,inf,inf,inf,False,4,CRITICO
2026-05-14 14:23:06,seguridad,7.0,0.833,6,1.0,inf,inf,inf,False,6,CRITICO
2026-05-14 14:23:06,pasaportes,2.388,0.5,7,0.682,0.59,0.25,2.25,True,6,CERRAR
2026-05-14 14:23:06,embarque,4.556,2.0,3,0.759,1.84,0.4,0.9,True,3,OK
2026-05-14 14:23:09,checkin,2.24,0.286,10,0.784,1.36,0.61,4.11,True,9,CERRAR
2026-05-14 14:23:09,bagdrop,1.6,0.5,4,0.8,2.39,1.49,3.49,True,4,OK
2026-05-14 14:23:09,seguridad,6.5,0.833,6,1.0,inf,inf,inf,False,6,CRITICO
2026-05-14 14:23:09,pasaportes,2.431,0.5,6,0.81,2.3,0.95,2.95,True,6,OK
2026-05-14 14:23:09,embarque,5.309,2.0,3,0.885,6.08,1.14,1.64,True,3,OK
2026-05-14 14:23:12,checkin,1.54,0.286,9,0.599,0.18,0.11,3.61,True,6,CERRAR
2026-05-14 14:23:12,bagdrop,1.1,0.5,4,0.55,0.28,0.25,2.25,True,3,CERRAR
2026-05-14 14:23:12,seguridad,4.2,0.833,6,0.84,3.16,0.75,1.95,True,6,OK
2026-05-14 14:23:12,pasaportes,2.022,0.5,6,0.674,0.61,0.3,2.3,True,5,CERRAR
2026-05-14 14:23:12,embarque,4.789,2.0,3,0.798,2.55,0.53,1.03,True,3,OK
2026-05-14 14:23:15,checkin,1.61,0.286,6,0.939,12.93,8.03,11.53,True,7,ABRIR
2026-05-14 14:23:15,bagdrop,1.15,0.5,3,0.767,1.95,1.7,3.7,True,3,OK
2026-05-14 14:23:15,seguridad,4.5,0.833,6,0.9,6.66,1.48,2.68,True,6,OK
2026-05-14 14:23:15,pasaportes,1.956,0.5,5,0.782,1.87,0.96,2.96,True,5,OK
2026-05-14 14:23:15,embarque,5.447,2.0,3,0.908,8.18,1.5,2.0,True,3,OK
2026-05-14 14:23:18,checkin,1.54,0.286,7,0.77,1.42,0.92,4.42,True,6,CERRAR
2026-05-14 14:23:18,bagdrop,1.1,0.5,3,0.733,1.49,1.36,3.36,True,3,OK
2026-05-14 14:23:18,seguridad,4.7,0.833,6,0.94,13.16,2.8,4.0,True,6,OK
2026-05-14 14:23:18,pasaportes,2.429,0.5,5,0.972,31.69,13.05,15.05,True,6,CRITICO
2026-05-14 14:23:18,embarque,5.061,2.0,3,0.843,3.87,0.77,1.27,True,3,OK
2026-05-14 14:23:21,checkin,2.03,0.286,6,1.0,inf,inf,inf,False,8,CRITICO
2026-05-14 14:23:21,bagdrop,1.45,0.5,3,0.967,27.19,18.75,20.75,True,4,CRITICO
2026-05-14 14:23:21,seguridad,5.4,0.833,6,1.0,inf,inf,inf,False,6,CRITICO
2026-05-14 14:23:21,pasaportes,2.657,0.5,6,0.886,5.48,2.06,4.06,True,6,OK
2026-05-14 14:23:21,embarque,4.421,2.0,3,0.737,1.53,0.35,0.85,True,3,OK
2026-05-14 14:23:24,checkin,1.96,0.286,8,0.857,3.56,1.81,5.31,True,8,OK
2026-05-14 14:23:24,bagdrop,1.4,0.5,4,0.7,1.0,0.71,2.71,True,4,OK
2026-05-14 14:23:24,seguridad,5.2,0.833,6,1.0,inf,inf,inf,False,6,CRITICO
2026-05-14 14:23:24,pasaportes,2.035,0.5,6,0.678,0.64,0.31,2.31,True,5,CERRAR
2026-05-14 14:23:24,embarque,5.183,2.0,3,0.864,4.78,0.92,1.42,True,3,OK
2026-05-14 14:23:27,checkin,0.77,0.286,8,0.337,0.0,0.0,3.5,True,4,CERRAR
2026-05-14 14:23:27,bagdrop,0.55,0.5,4,0.275,0.01,0.02,2.02,True,2,CERRAR
2026-05-14 14:23:27,seguridad,2.4,0.833,6,0.48,0.08,0.03,1.23,True,4,CERRAR
2026-05-14 14:23:27,pasaportes,1.07,0.5,5,0.428,0.06,0.05,2.05,True,3,CERRAR
2026-05-14 14:23:27,embarque,2.065,2.0,3,0.344,0.05,0.02,0.52,True,2,CERRAR
2026-05-14 14:23:30,checkin,0.7,0.286,4,0.613,0.48,0.68,4.18,True,3,CERRAR
2026-05-14 14:23:30,bagdrop,0.5,0.5,2,0.5,0.33,0.67,2.67,True,2,OK
2026-05-14 14:23:30,seguridad,2.2,0.833,4,0.66,0.72,0.33,1.53,True,3,CERRAR
2026-05-14 14:23:30,pasaportes,0.748,0.5,3,0.498,0.23,0.31,2.31,True,2,CERRAR
2026-05-14 14:23:30,embarque,1.876,2.0,2,0.469,0.26,0.14,0.64,True,2,OK
2026-05-14 14:23:33,checkin,0.77,0.286,3,0.898,7.19,9.34,12.84,True,4,ABRIR
2026-05-14 14:23:33,bagdrop,0.55,0.5,2,0.55,0.48,0.87,2.87,True,2,OK
2026-05-14 14:23:33,seguridad,2.3,0.833,3,0.92,9.81,4.26,5.46,True,3,OK
2026-05-14 14:23:33,pasaportes,0.609,0.5,2,0.609,0.72,1.18,3.18,True,2,OK
2026-05-14 14:23:33,embarque,1.871,2.0,2,0.468,0.26,0.14,0.64,True,2,OK
2026-05-14 14:23:36,checkin,0.77,0.286,4,0.674,0.8,1.04,4.54,True,4,OK
2026-05-14 14:23:36,bagdrop,0.55,0.5,2,0.55,0.48,0.87,2.87,True,2,OK
2026-05-14 14:23:36,seguridad,1.6,0.833,3,0.64,0.72,0.45,1.65,True,3,OK
2026-05-14 14:23:36,pasaportes,0.68,0.5,2,0.68,1.17,1.72,3.72,True,2,OK
2026-05-14 14:23:36,embarque,1.46,2.0,2,0.365,0.11,0.08,0.58,True,1,CERRAR
2026-05-14 14:23:39,checkin,0.98,0.286,4,0.857,4.23,4.32,7.82,True,4,OK
2026-05-14 14:23:39,bagdrop,0.7,0.5,2,0.7,1.35,1.92,3.92,True,2,OK
2026-05-14 14:23:39,seguridad,2.2,0.833,3,0.88,5.73,2.61,3.81,True,3,OK
2026-05-14 14:23:39,pasaportes,1.047,0.5,2,1.0,inf,inf,inf,False,3,CRITICO
2026-05-14 14:23:39,embarque,1.676,2.0,1,0.838,4.34,2.59,3.09,True,1,OK
2026-05-14 14:23:42,checkin,0.7,0.286,4,0.613,0.48,0.68,4.18,True,3,CERRAR
2026-05-14 14:23:42,bagdrop,0.5,0.5,2,0.5,0.33,0.67,2.67,True,2,OK
2026-05-14 14:23:42,seguridad,2.1,0.833,3,0.84,3.75,1.78,2.98,True,3,OK
2026-05-14 14:23:42,pasaportes,0.736,0.5,3,0.491,0.22,0.3,2.3,True,2,CERRAR
2026-05-14 14:23:42,embarque,1.807,2.0,1,0.903,8.45,4.68,5.18,True,1,OK
2026-05-14 14:24:12,checkin,0.56,0.286,3,0.653,0.8,1.43,4.93,True,3,OK
2026-05-14 14:24:12,bagdrop,0.4,0.5,2,0.4,0.15,0.38,2.38,True,2,OK
2026-05-14 14:24:12,seguridad,2.2,0.833,3,0.88,5.73,2.61,3.81,True,3,OK
2026-05-14 14:24:12,pasaportes,0.647,0.5,2,0.647,0.93,1.44,3.44,True,2,OK
2026-05-14 14:24:12,embarque,1.576,2.0,1,0.788,2.93,1.86,2.36,True,1,OK
2026-05-14 14:24:15,checkin,0.98,0.286,3,1.0,inf,inf,inf,False,4,CRITICO
2026-05-14 14:24:15,bagdrop,0.7,0.5,2,0.7,1.35,1.92,3.92,True,2,OK
2026-05-14 14:24:15,seguridad,1.9,0.833,3,0.76,1.85,0.97,2.17,True,3,OK
2026-05-14 14:24:15,pasaportes,0.614,0.5,2,0.614,0.74,1.21,3.21,True,2,OK
2026-05-14 14:24:15,embarque,1.568,2.0,1,0.784,2.85,1.82,2.32,True,1,OK
2026-05-14 14:24:18,checkin,0.56,0.286,4,0.49,0.16,0.28,3.78,True,3,CERRAR
2026-05-14 14:24:18,bagdrop,0.4,0.5,2,0.4,0.15,0.38,2.38,True,2,OK
2026-05-14 14:24:18,seguridad,1.9,0.833,3,0.76,1.85,0.97,2.17,True,3,OK
2026-05-14 14:24:18,pasaportes,1.014,0.5,2,1.0,inf,inf,inf,False,3,CRITICO
2026-05-14 14:24:18,embarque,1.918,2.0,1,0.959,22.47,11.71,12.21,True,2,CRITICO
2026-05-14 14:24:20,checkin,0.56,0.286,4,0.49,0.16,0.28,3.78,True,3,CERRAR
2026-05-14 14:24:20,bagdrop,0.4,0.5,2,0.4,0.15,0.38,2.38,True,2,OK
2026-05-14 14:24:20,seguridad,1.9,0.833,2,1.0,inf,inf,inf,False,3,CRITICO
2026-05-14 14:24:20,pasaportes,1.014,0.5,2,1.0,inf,inf,inf,False,3,CRITICO
2026-05-14 14:24:20,embarque,1.918,2.0,2,0.48,0.29,0.15,0.65,True,2,OK
2026-05-14 14:24:21,checkin,0.56,0.286,3,0.653,0.8,1.43,4.93,True,3,OK
2026-05-14 14:24:21,bagdrop,0.4,0.5,2,0.4,0.15,0.38,2.38,True,2,OK
2026-05-14 14:24:21,seguridad,1.9,0.833,3,0.76,1.85,0.97,2.17,True,3,OK
2026-05-14 14:24:21,pasaportes,0.614,0.5,3,0.409,0.1,0.17,2.17,True,2,CERRAR
2026-05-14 14:24:21,embarque,1.818,2.0,2,0.455,0.24,0.13,0.63,True,1,CERRAR
2026-05-14 14:24:23,checkin,0.56,0.286,3,0.653,0.8,1.43,4.93,True,3,OK
2026-05-14 14:24:23,bagdrop,0.4,0.5,2,0.4,0.15,0.38,2.38,True,2,OK
2026-05-14 14:24:23,seguridad,1.9,0.833,3,0.76,1.85,0.97,2.17,True,3,OK
2026-05-14 14:24:23,pasaportes,0.614,0.5,3,0.409,0.1,0.17,2.17,True,2,CERRAR
2026-05-14 14:24:23,embarque,1.818,2.0,2,0.455,0.24,0.13,0.63,True,1,CERRAR
2026-05-14 14:24:24,checkin,0.84,0.286,3,0.98,47.16,56.14,59.64,True,4,CRITICO
2026-05-14 14:24:24,bagdrop,0.6,0.5,2,0.6,0.67,1.12,3.12,True,2,OK
2026-05-14 14:24:24,seguridad,2.5,0.833,3,1.0,inf,inf,inf,False,4,CRITICO
2026-05-14 14:24:24,pasaportes,0.581,0.5,2,0.581,0.59,1.02,3.02,True,2,OK
2026-05-14 14:24:24,embarque,1.834,2.0,1,0.917,10.16,5.54,6.04,True,2,ABRIR
2026-05-14 14:24:26,checkin,0.84,0.286,3,0.98,47.16,56.14,59.64,True,4,CRITICO
2026-05-14 14:24:26,bagdrop,0.6,0.5,2,0.6,0.67,1.12,3.12,True,2,OK
2026-05-14 14:24:26,seguridad,2.5,0.833,3,1.0,inf,inf,inf,False,4,CRITICO
2026-05-14 14:24:26,pasaportes,0.581,0.5,2,0.581,0.59,1.02,3.02,True,2,OK
2026-05-14 14:24:26,embarque,1.834,2.0,1,0.917,10.16,5.54,6.04,True,2,ABRIR
2026-05-14 14:24:27,checkin,1.05,0.286,4,0.919,9.34,8.9,12.4,True,5,ABRIR
2026-05-14 14:24:27,bagdrop,0.75,0.5,2,0.75,1.93,2.57,4.57,True,2,OK
2026-05-14 14:24:27,seguridad,2.0,0.833,4,0.6,0.43,0.22,1.42,True,3,CERRAR
2026-05-14 14:24:27,pasaportes,1.025,0.5,2,1.0,inf,inf,inf,False,3,CRITICO
2026-05-14 14:24:27,embarque,1.388,2.0,2,0.347,0.09,0.07,0.57,True,1,CERRAR
2026-05-14 14:24:29,checkin,1.05,0.286,4,0.919,9.34,8.9,12.4,True,5,ABRIR
2026-05-14 14:24:29,bagdrop,0.75,0.5,2,0.75,1.93,2.57,4.57,True,2,OK
2026-05-14 14:24:29,seguridad,2.0,0.833,4,0.6,0.43,0.22,1.42,True,3,CERRAR
2026-05-14 14:24:29,pasaportes,1.025,0.5,2,1.0,inf,inf,inf,False,3,CRITICO
2026-05-14 14:24:29,embarque,1.388,2.0,2,0.347,0.09,0.07,0.57,True,1,CERRAR
2026-05-14 14:24:30,checkin,0.56,0.286,5,0.392,0.04,0.06,3.56,True,3,CERRAR
2026-05-14 14:24:30,bagdrop,0.4,0.5,2,0.4,0.15,0.38,2.38,True,2,OK
2026-05-14 14:24:30,seguridad,2.2,0.833,3,0.88,5.73,2.61,3.81,True,3,OK
2026-05-14 14:24:30,pasaportes,0.948,0.5,3,0.632,0.68,0.72,2.72,True,3,OK
2026-05-14 14:24:30,embarque,1.326,2.0,1,0.663,1.31,0.98,1.48,True,1,OK
2026-05-14 14:24:32,checkin,0.56,0.286,5,0.392,0.04,0.06,3.56,True,3,CERRAR
2026-05-14 14:24:32,bagdrop,0.4,0.5,2,0.4,0.15,0.38,2.38,True,2,OK
2026-05-14 14:24:32,seguridad,2.2,0.833,3,0.88,5.73,2.61,3.81,True,3,OK
2026-05-14 14:24:32,pasaportes,0.948,0.5,3,0.632,0.68,0.72,2.72,True,3,OK
2026-05-14 14:24:32,embarque,1.326,2.0,1,0.663,1.31,0.98,1.48,True,1,OK
2026-05-14 14:24:33,checkin,1.05,0.286,3,1.0,inf,inf,inf,False,5,CRITICO
2026-05-14 14:24:33,bagdrop,0.75,0.5,2,0.75,1.93,2.57,4.57,True,2,OK
2026-05-14 14:24:33,seguridad,2.7,0.833,3,1.0,inf,inf,inf,False,4,CRITICO
2026-05-14 14:24:33,pasaportes,0.604,0.5,3,0.403,0.1,0.16,2.16,True,2,CERRAR
2026-05-14 14:24:33,embarque,1.523,2.0,1,0.762,2.43,1.6,2.1,True,1,OK
2026-05-14 14:24:35,checkin,1.05,0.286,3,1.0,inf,inf,inf,False,5,CRITICO
2026-05-14 14:24:35,bagdrop,0.75,0.5,2,0.75,1.93,2.57,4.57,True,2,OK
2026-05-14 14:24:35,seguridad,2.7,0.833,3,1.0,inf,inf,inf,False,4,CRITICO
2026-05-14 14:24:35,pasaportes,0.604,0.5,3,0.403,0.1,0.16,2.16,True,2,CERRAR
2026-05-14 14:24:35,embarque,1.523,2.0,1,0.762,2.43,1.6,2.1,True,1,OK
2026-05-14 14:24:36,checkin,1.05,0.286,5,0.735,1.21,1.15,4.65,True,5,OK
2026-05-14 14:24:36,bagdrop,0.75,0.5,2,0.75,1.93,2.57,4.57,True,2,OK
2026-05-14 14:24:36,seguridad,2.5,0.833,4,0.75,1.53,0.61,1.81,True,4,OK
2026-05-14 14:24:36,pasaportes,0.681,0.5,2,0.681,1.18,1.73,3.73,True,2,OK
2026-05-14 14:24:36,embarque,1.334,2.0,1,0.667,1.34,1.0,1.5,True,1,OK
2026-05-14 14:24:38,checkin,1.05,0.286,5,0.735,1.21,1.15,4.65,True,5,OK
2026-05-14 14:24:38,bagdrop,0.75,0.5,2,0.75,1.93,2.57,4.57,True,2,OK
2026-05-14 14:24:38,seguridad,2.5,0.833,4,0.75,1.53,0.61,1.81,True,4,OK
2026-05-14 14:24:38,pasaportes,0.681,0.5,2,0.681,1.18,1.73,3.73,True,2,OK
2026-05-14 14:24:38,embarque,1.334,2.0,1,0.667,1.34,1.0,1.5,True,1,OK
2026-05-14 14:24:39,checkin,0.84,0.286,5,0.588,0.32,0.38,3.88,True,4,CERRAR
2026-05-14 14:24:39,bagdrop,0.6,0.5,2,0.6,0.67,1.12,3.12,True,2,OK
2026-05-14 14:24:39,seguridad,2.0,0.833,4,0.6,0.43,0.22,1.42,True,3,CERRAR
2026-05-14 14:24:39,pasaportes,0.575,0.5,2,0.575,0.57,0.99,2.99,True,2,OK
2026-05-14 14:24:39,embarque,1.663,2.0,1,0.831,4.09,2.46,2.96,True,1,OK
2026-05-14 14:24:41,checkin,0.84,0.286,5,0.588,0.32,0.38,3.88,True,4,CERRAR
2026-05-14 14:24:41,bagdrop,0.6,0.5,2,0.6,0.67,1.12,3.12,True,2,OK
2026-05-14 14:24:41,seguridad,2.0,0.833,4,0.6,0.43,0.22,1.42,True,3,CERRAR
2026-05-14 14:24:41,pasaportes,0.575,0.5,2,0.575,0.57,0.99,2.99,True,2,OK
2026-05-14 14:24:41,embarque,1.663,2.0,1,0.831,4.09,2.46,2.96,True,1,OK
2026-05-14 14:24:42,checkin,0.56,0.286,4,0.49,0.16,0.28,3.78,True,3,CERRAR
2026-05-14 14:24:42,bagdrop,0.4,0.5,2,0.4,0.15,0.38,2.38,True,2,OK
2026-05-14 14:24:42,seguridad,1.7,0.833,3,0.68,0.98,0.58,1.78,True,3,OK
2026-05-14 14:24:42,pasaportes,0.891,0.5,2,0.891,6.88,7.72,9.72,True,3,ABRIR
2026-05-14 14:24:42,embarque,1.579,2.0,1,0.79,2.97,1.88,2.38,True,1,OK
2026-05-14 14:24:44,checkin,0.56,0.286,4,0.49,0.16,0.28,3.78,True,3,CERRAR
2026-05-14 14:24:44,bagdrop,0.4,0.5,2,0.4,0.15,0.38,2.38,True,2,OK
2026-05-14 14:24:44,seguridad,1.7,0.833,3,0.68,0.98,0.58,1.78,True,3,OK
2026-05-14 14:24:44,pasaportes,0.891,0.5,2,0.891,6.88,7.72,9.72,True,3,ABRIR
2026-05-14 14:24:44,embarque,1.579,2.0,1,0.79,2.97,1.88,2.38,True,1,OK
2026-05-14 14:24:45,checkin,1.05,0.286,3,1.0,inf,inf,inf,False,5,CRITICO
2026-05-14 14:24:45,bagdrop,0.75,0.5,2,0.75,1.93,2.57,4.57,True,2,OK
2026-05-14 14:24:45,seguridad,2.1,0.833,3,0.84,3.75,1.78,2.98,True,3,OK
2026-05-14 14:24:45,pasaportes,0.886,0.5,3,0.591,0.5,0.56,2.56,True,3,OK
2026-05-14 14:24:45,embarque,1.382,2.0,1,0.691,1.54,1.12,1.62,True,1,OK
2026-05-14 14:24:47,checkin,1.05,0.286,3,1.0,inf,inf,inf,False,5,CRITICO
2026-05-14 14:24:47,bagdrop,0.75,0.5,2,0.75,1.93,2.57,4.57,True,2,OK
2026-05-14 14:24:47,seguridad,2.1,0.833,3,0.84,3.75,1.78,2.98,True,3,OK
2026-05-14 14:24:47,pasaportes,0.886,0.5,3,0.591,0.5,0.56,2.56,True,3,OK
2026-05-14 14:24:47,embarque,1.382,2.0,1,0.691,1.54,1.12,1.62,True,1,OK
2026-05-14 14:24:48,checkin,2.38,0.286,5,1.0,inf,inf,inf,False,9,CRITICO
2026-05-14 14:24:48,bagdrop,1.7,0.5,2,1.0,inf,inf,inf,False,4,CRITICO
2026-05-14 14:24:48,seguridad,5.2,0.833,3,1.0,inf,inf,inf,False,6,CRITICO
2026-05-14 14:24:48,pasaportes,2.835,0.5,3,1.0,inf,inf,inf,False,7,CRITICO
2026-05-14 14:24:48,embarque,4.832,2.0,1,1.0,inf,inf,inf,False,3,CRITICO
2026-05-14 14:24:50,checkin,2.38,0.286,5,1.0,inf,inf,inf,False,9,CRITICO
2026-05-14 14:24:50,bagdrop,1.7,0.5,2,1.0,inf,inf,inf,False,4,CRITICO
2026-05-14 14:24:50,seguridad,5.2,0.833,3,1.0,inf,inf,inf,False,6,CRITICO
2026-05-14 14:24:50,pasaportes,2.835,0.5,3,1.0,inf,inf,inf,False,7,CRITICO
2026-05-14 14:24:50,embarque,4.832,2.0,1,1.0,inf,inf,inf,False,3,CRITICO
2026-05-14 14:24:51,checkin,2.17,0.286,9,0.844,2.89,1.33,4.83,True,9,OK
2026-05-14 14:24:51,bagdrop,1.55,0.5,4,0.775,1.9,1.23,3.23,True,4,OK
2026-05-14 14:24:51,seguridad,6.3,0.833,6,1.0,inf,inf,inf,False,6,CRITICO
2026-05-14 14:24:51,pasaportes,2.359,0.5,7,0.674,0.54,0.23,2.23,True,6,CERRAR
2026-05-14 14:24:51,embarque,4.546,2.0,3,0.758,1.81,0.4,0.9,True,3,OK
2026-05-14 14:24:53,checkin,2.17,0.286,9,0.844,2.89,1.33,4.83,True,9,OK
2026-05-14 14:24:53,bagdrop,1.55,0.5,4,0.775,1.9,1.23,3.23,True,4,OK
2026-05-14 14:24:53,seguridad,6.3,0.833,6,1.0,inf,inf,inf,False,6,CRITICO
2026-05-14 14:24:53,pasaportes,2.359,0.5,7,0.674,0.54,0.23,2.23,True,6,CERRAR
2026-05-14 14:24:53,embarque,4.546,2.0,3,0.758,1.81,0.4,0.9,True,3,OK
2026-05-14 14:24:54,checkin,2.38,0.286,9,0.926,9.44,3.97,7.47,True,9,OK
2026-05-14 14:24:54,bagdrop,1.7,0.5,4,0.85,3.91,2.3,4.3,True,4,OK
2026-05-14 14:24:54,seguridad,5.2,0.833,6,1.0,inf,inf,inf,False,6,CRITICO
2026-05-14 14:24:54,pasaportes,2.735,0.5,6,0.912,7.93,2.9,4.9,True,6,OK
2026-05-14 14:24:54,embarque,3.883,2.0,3,0.647,0.77,0.2,0.7,True,3,OK
2026-05-14 14:24:56,checkin,2.38,0.286,9,0.926,9.44,3.97,7.47,True,9,OK
2026-05-14 14:24:56,bagdrop,1.7,0.5,4,0.85,3.91,2.3,4.3,True,4,OK
2026-05-14 14:24:56,seguridad,5.2,0.833,6,1.0,inf,inf,inf,False,6,CRITICO
2026-05-14 14:24:56,pasaportes,2.735,0.5,6,0.912,7.93,2.9,4.9,True,6,OK
2026-05-14 14:24:56,embarque,3.883,2.0,3,0.647,0.77,0.2,0.7,True,3,OK
2026-05-14 14:24:57,checkin,1.33,0.286,9,0.517,0.06,0.04,3.54,True,6,CERRAR
2026-05-14 14:24:57,bagdrop,0.95,0.5,4,0.475,0.14,0.14,2.14,True,3,CERRAR
2026-05-14 14:24:57,seguridad,5.0,0.833,6,1.0,inf,inf,inf,False,6,CRITICO
2026-05-14 14:24:57,pasaportes,2.462,0.5,6,0.821,2.57,1.04,3.04,True,6,OK
2026-05-14 14:24:57,embarque,5.769,2.0,3,0.961,23.15,4.01,4.51,True,3,OK
2026-05-14 14:24:59,checkin,1.33,0.286,9,0.517,0.06,0.04,3.54,True,6,CERRAR
2026-05-14 14:24:59,bagdrop,0.95,0.5,4,0.475,0.14,0.14,2.14,True,3,CERRAR
2026-05-14 14:24:59,seguridad,5.0,0.833,6,1.0,inf,inf,inf,False,6,CRITICO
2026-05-14 14:24:59,pasaportes,2.462,0.5,6,0.821,2.57,1.04,3.04,True,6,OK
2026-05-14 14:24:59,embarque,5.769,2.0,3,0.961,23.15,4.01,4.51,True,3,OK
2026-05-14 14:25:00,checkin,1.61,0.286,6,0.939,12.93,8.03,11.53,True,7,ABRIR
2026-05-14 14:25:00,bagdrop,1.15,0.5,3,0.767,1.95,1.7,3.7,True,3,OK
2026-05-14 14:25:00,seguridad,5.2,0.833,6,1.0,inf,inf,inf,False,6,CRITICO
2026-05-14 14:25:00,pasaportes,2.735,0.5,6,0.912,7.93,2.9,4.9,True,6,OK
2026-05-14 14:25:00,embarque,4.533,2.0,3,0.755,1.78,0.39,0.89,True,3,OK
2026-05-14 14:25:02,checkin,1.61,0.286,6,0.939,12.93,8.03,11.53,True,7,ABRIR
2026-05-14 14:25:02,bagdrop,1.15,0.5,3,0.767,1.95,1.7,3.7,True,3,OK
2026-05-14 14:25:02,seguridad,5.2,0.833,6,1.0,inf,inf,inf,False,6,CRITICO
2026-05-14 14:25:02,pasaportes,2.735,0.5,6,0.912,7.93,2.9,4.9,True,6,OK
2026-05-14 14:25:02,embarque,4.533,2.0,3,0.755,1.78,0.39,0.89,True,3,OK
2026-05-14 14:25:03,checkin,1.47,0.286,7,0.735,1.0,0.68,4.18,True,6,CERRAR
2026-05-14 14:25:03,bagdrop,1.05,0.5,3,0.7,1.15,1.09,3.09,True,3,OK
2026-05-14 14:25:03,seguridad,4.7,0.833,6,0.94,13.16,2.8,4.0,True,6,OK
2026-05-14 14:25:03,pasaportes,3.379,0.5,6,1.0,inf,inf,inf,False,8,CRITICO
2026-05-14 14:25:03,embarque,4.986,2.0,3,0.831,3.43,0.69,1.19,True,3,OK
2026-05-14 14:25:05,checkin,1.47,0.286,7,0.735,1.0,0.68,4.18,True,6,CERRAR
2026-05-14 14:25:05,bagdrop,1.05,0.5,3,0.7,1.15,1.09,3.09,True,3,OK
2026-05-14 14:25:05,seguridad,4.7,0.833,6,0.94,13.16,2.8,4.0,True,6,OK
2026-05-14 14:25:05,pasaportes,3.379,0.5,6,1.0,inf,inf,inf,False,8,CRITICO
2026-05-14 14:25:05,embarque,4.986,2.0,3,0.831,3.43,0.69,1.19,True,3,OK
2026-05-14 14:25:06,checkin,2.03,0.286,6,1.0,inf,inf,inf,False,8,CRITICO
2026-05-14 14:25:06,bagdrop,1.45,0.5,3,0.967,27.19,18.75,20.75,True,4,CRITICO
2026-05-14 14:25:06,seguridad,5.9,0.833,6,1.0,inf,inf,inf,False,6,CRITICO
2026-05-14 14:25:06,pasaportes,3.164,0.5,8,0.791,1.66,0.52,2.52,True,7,CERRAR
2026-05-14 14:25:06,embarque,5.793,2.0,3,0.966,26.2,4.52,5.02,True,3,OK
2026-05-14 14:25:08,checkin,2.03,0.286,6,1.0,inf,inf,inf,False,8,CRITICO
2026-05-14 14:25:08,bagdrop,1.45,0.5,3,0.967,27.19,18.75,20.75,True,4,CRITICO
2026-05-14 14:25:08,seguridad,5.9,0.833,6,1.0,inf,inf,inf,False,6,CRITICO
2026-05-14 14:25:08,pasaportes,3.164,0.5,8,0.791,1.66,0.52,2.52,True,7,CERRAR
2026-05-14 14:25:08,embarque,5.793,2.0,3,0.966,26.2,4.52,5.02,True,3,OK
2026-05-14 14:25:09,checkin,1.61,0.286,8,0.704,0.66,0.41,3.91,True,7,CERRAR
2026-05-14 14:25:09,bagdrop,1.15,0.5,4,0.575,0.35,0.3,2.3,True,3,CERRAR
2026-05-14 14:25:09,seguridad,5.1,0.833,6,1.0,inf,inf,inf,False,6,CRITICO
2026-05-14 14:25:09,pasaportes,2.524,0.5,7,0.721,0.87,0.34,2.34,True,6,CERRAR
2026-05-14 14:25:09,embarque,4.463,2.0,3,0.744,1.62,0.36,0.86,True,3,OK
2026-05-14 14:25:11,checkin,1.61,0.286,8,0.704,0.66,0.41,3.91,True,7,CERRAR
2026-05-14 14:25:11,bagdrop,1.15,0.5,4,0.575,0.35,0.3,2.3,True,3,CERRAR
2026-05-14 14:25:11,seguridad,5.1,0.833,6,1.0,inf,inf,inf,False,6,CRITICO
2026-05-14 14:25:11,pasaportes,2.524,0.5,7,0.721,0.87,0.34,2.34,True,6,CERRAR
2026-05-14 14:25:11,embarque,4.463,2.0,3,0.744,1.62,0.36,0.86,True,3,OK
2026-05-14 14:25:12,checkin,2.17,0.286,7,1.0,inf,inf,inf,False,9,CRITICO
2026-05-14 14:25:12,bagdrop,1.55,0.5,3,1.0,inf,inf,inf,False,4,CRITICO
2026-05-14 14:25:12,seguridad,5.7,0.833,6,1.0,inf,inf,inf,False,6,CRITICO
2026-05-14 14:25:12,pasaportes,2.041,0.5,6,0.68,0.65,0.32,2.32,True,5,CERRAR
2026-05-14 14:25:12,embarque,5.304,2.0,3,0.884,6.02,1.13,1.63,True,3,OK
2026-05-14 14:25:14,checkin,2.17,0.286,7,1.0,inf,inf,inf,False,9,CRITICO
2026-05-14 14:25:14,bagdrop,1.55,0.5,3,1.0,inf,inf,inf,False,4,CRITICO
2026-05-14 14:25:14,seguridad,5.7,0.833,6,1.0,inf,inf,inf,False,6,CRITICO
2026-05-14 14:25:14,pasaportes,2.041,0.5,6,0.68,0.65,0.32,2.32,True,5,CERRAR
2026-05-14 14:25:14,embarque,5.304,2.0,3,0.884,6.02,1.13,1.63,True,3,OK
2026-05-14 14:25:15,checkin,2.1,0.286,9,0.817,2.09,1.0,4.5,True,8,CERRAR
2026-05-14 14:25:15,bagdrop,1.5,0.5,4,0.75,1.53,1.02,3.02,True,4,OK
2026-05-14 14:25:15,seguridad,5.1,0.833,6,1.0,inf,inf,inf,False,6,CRITICO
2026-05-14 14:25:15,pasaportes,2.524,0.5,5,1.0,inf,inf,inf,False,6,CRITICO
2026-05-14 14:25:15,embarque,4.913,2.0,3,0.819,3.07,0.62,1.12,True,3,OK
2026-05-14 14:25:17,checkin,2.1,0.286,9,0.817,2.09,1.0,4.5,True,8,CERRAR
2026-05-14 14:25:17,bagdrop,1.5,0.5,4,0.75,1.53,1.02,3.02,True,4,OK
2026-05-14 14:25:17,seguridad,5.1,0.833,6,1.0,inf,inf,inf,False,6,CRITICO
2026-05-14 14:25:17,pasaportes,2.524,0.5,5,1.0,inf,inf,inf,False,6,CRITICO
2026-05-14 14:25:17,embarque,4.913,2.0,3,0.819,3.07,0.62,1.12,True,3,OK
2026-05-14 14:25:18,checkin,2.45,0.286,8,1.0,inf,inf,inf,False,10,CRITICO
2026-05-14 14:25:18,bagdrop,1.75,0.5,4,0.875,5.17,2.95,4.95,True,4,OK
2026-05-14 14:25:18,seguridad,5.4,0.833,6,1.0,inf,inf,inf,False,6,CRITICO
2026-05-14 14:25:18,pasaportes,2.008,0.5,6,0.669,0.58,0.29,2.29,True,5,CERRAR
2026-05-14 14:25:18,embarque,4.546,2.0,3,0.758,1.81,0.4,0.9,True,3,OK
2026-05-14 14:25:20,checkin,2.45,0.286,8,1.0,inf,inf,inf,False,10,CRITICO
2026-05-14 14:25:20,bagdrop,1.75,0.5,4,0.875,5.17,2.95,4.95,True,4,OK
2026-05-14 14:25:20,seguridad,5.4,0.833,6,1.0,inf,inf,inf,False,6,CRITICO
2026-05-14 14:25:20,pasaportes,2.008,0.5,6,0.669,0.58,0.29,2.29,True,5,CERRAR
2026-05-14 14:25:20,embarque,4.546,2.0,3,0.758,1.81,0.4,0.9,True,3,OK
2026-05-14 14:25:22,checkin,1.47,0.286,10,0.515,0.05,0.03,3.53,True,6,CERRAR
2026-05-14 14:25:22,bagdrop,1.05,0.5,4,0.525,0.22,0.21,2.21,True,3,CERRAR
2026-05-14 14:25:22,seguridad,4.5,0.833,6,0.9,6.66,1.48,2.68,True,6,OK
2026-05-14 14:25:22,pasaportes,2.106,0.5,5,0.843,3.42,1.62,3.62,True,5,OK
2026-05-14 14:25:22,embarque,4.872,2.0,3,0.812,2.88,0.59,1.09,True,3,OK
2026-05-14 14:25:23,checkin,1.47,0.286,10,0.515,0.05,0.03,3.53,True,6,CERRAR
2026-05-14 14:25:23,bagdrop,1.05,0.5,4,0.525,0.22,0.21,2.21,True,3,CERRAR
2026-05-14 14:25:23,seguridad,4.5,0.833,6,0.9,6.66,1.48,2.68,True,6,OK
2026-05-14 14:25:23,pasaportes,2.106,0.5,5,0.843,3.42,1.62,3.62,True,5,OK
2026-05-14 14:25:23,embarque,4.872,2.0,3,0.812,2.88,0.59,1.09,True,3,OK
2026-05-14 14:25:25,checkin,2.66,0.286,6,1.0,inf,inf,inf,False,10,CRITICO
2026-05-14 14:25:25,bagdrop,1.9,0.5,3,1.0,inf,inf,inf,False,5,CRITICO
2026-05-14 14:25:25,seguridad,8.0,0.833,6,1.0,inf,inf,inf,False,6,CRITICO
2026-05-14 14:25:25,pasaportes,5.5,0.5,5,1.0,inf,inf,inf,False,8,CRITICO
2026-05-14 14:25:25,embarque,7.8,2.0,3,1.0,inf,inf,inf,False,4,CRITICO
2026-05-14 14:25:26,checkin,2.66,0.286,6,1.0,inf,inf,inf,False,10,CRITICO
2026-05-14 14:25:26,bagdrop,1.9,0.5,3,1.0,inf,inf,inf,False,5,CRITICO
2026-05-14 14:25:26,seguridad,8.0,0.833,6,1.0,inf,inf,inf,False,6,CRITICO
2026-05-14 14:25:26,pasaportes,5.5,0.5,5,1.0,inf,inf,inf,False,8,CRITICO
2026-05-14 14:25:26,embarque,7.8,2.0,3,1.0,inf,inf,inf,False,4,CRITICO
2026-05-14 14:25:28,checkin,3.43,0.286,10,1.0,inf,inf,inf,False,12,CRITICO
2026-05-14 14:25:28,bagdrop,2.45,0.5,5,0.98,46.57,19.01,21.01,True,6,CRITICO
2026-05-14 14:25:28,seguridad,10.3,0.833,6,1.0,inf,inf,inf,False,6,CRITICO
2026-05-14 14:25:28,pasaportes,4.859,0.5,8,1.0,inf,inf,inf,False,8,CRITICO
2026-05-14 14:25:28,embarque,8.646,2.0,4,1.0,inf,inf,inf,False,4,CRITICO
2026-05-14 14:25:46,checkin,1.05,0.286,12,0.306,0.0,0.0,3.5,True,5,CERRAR
2026-05-14 14:25:46,bagdrop,0.75,0.5,6,0.25,0.0,0.0,2.0,True,2,CERRAR
2026-05-14 14:25:46,seguridad,2.1,0.833,6,0.42,0.04,0.02,1.22,True,3,CERRAR
2026-05-14 14:25:46,pasaportes,0.836,0.5,8,0.209,0.0,0.0,2.0,True,2,CERRAR
2026-05-14 14:25:46,embarque,1.507,2.0,4,0.188,0.0,0.0,0.5,True,1,CERRAR
2026-05-14 14:25:49,checkin,0.98,0.286,5,0.686,0.78,0.79,4.29,True,4,CERRAR
2026-05-14 14:25:49,bagdrop,0.7,0.5,2,0.7,1.35,1.92,3.92,True,2,OK
2026-05-14 14:25:49,seguridad,2.2,0.833,3,0.88,5.73,2.61,3.81,True,3,OK
2026-05-14 14:25:49,pasaportes,1.047,0.5,2,1.0,inf,inf,inf,False,3,CRITICO
2026-05-14 14:25:49,embarque,1.626,2.0,1,0.813,3.54,2.18,2.68,True,1,OK
2026-05-14 14:25:52,checkin,0.7,0.286,4,0.613,0.48,0.68,4.18,True,3,CERRAR
2026-05-14 14:25:52,bagdrop,0.5,0.5,2,0.5,0.33,0.67,2.67,True,2,OK
2026-05-14 14:25:52,seguridad,1.8,0.833,3,0.72,1.34,0.75,1.95,True,3,OK
2026-05-14 14:25:52,pasaportes,1.052,0.5,3,0.702,1.16,1.11,3.11,True,3,OK
2026-05-14 14:25:52,embarque,1.724,2.0,1,0.862,5.38,3.12,3.62,True,1,OK
2026-05-14 14:25:55,checkin,0.63,0.286,3,0.735,1.51,2.4,5.9,True,3,OK
2026-05-14 14:25:55,bagdrop,0.45,0.5,2,0.45,0.23,0.51,2.51,True,2,OK
2026-05-14 14:25:55,seguridad,1.6,0.833,3,0.64,0.72,0.45,1.65,True,3,OK
2026-05-14 14:25:55,pasaportes,0.98,0.5,3,0.653,0.8,0.82,2.82,True,3,OK
2026-05-14 14:25:55,embarque,1.61,2.0,1,0.805,3.32,2.06,2.56,True,1,OK
2026-05-14 14:25:58,checkin,0.77,0.286,3,0.898,7.19,9.34,12.84,True,4,ABRIR
2026-05-14 14:25:58,bagdrop,0.55,0.5,2,0.55,0.48,0.87,2.87,True,2,OK
2026-05-14 14:25:58,seguridad,2.3,0.833,3,0.92,9.81,4.26,5.46,True,3,OK
2026-05-14 14:25:58,pasaportes,0.959,0.5,3,0.639,0.72,0.75,2.75,True,3,OK
2026-05-14 14:25:58,embarque,1.946,2.0,1,0.973,34.81,17.89,18.39,True,2,CRITICO
2026-05-14 14:26:01,checkin,0.84,0.286,4,0.735,1.34,1.6,5.1,True,4,OK
2026-05-14 14:26:01,bagdrop,0.6,0.5,2,0.6,0.67,1.12,3.12,True,2,OK
2026-05-14 14:26:01,seguridad,2.4,0.833,3,0.96,22.21,9.25,10.45,True,4,ABRIR
2026-05-14 14:26:01,pasaportes,0.92,0.5,3,0.613,0.59,0.64,2.64,True,3,OK
2026-05-14 14:26:01,embarque,1.59,2.0,2,0.397,0.15,0.09,0.59,True,1,CERRAR
2026-05-14 14:26:04,checkin,1.05,0.286,4,0.919,9.34,8.9,12.4,True,5,ABRIR
2026-05-14 14:26:04,bagdrop,0.75,0.5,2,0.75,1.93,2.57,4.57,True,2,OK
2026-05-14 14:26:04,seguridad,2.8,0.833,4,0.84,3.52,1.26,2.46,True,4,OK
2026-05-14 14:26:04,pasaportes,0.915,0.5,3,0.61,0.58,0.63,2.63,True,3,OK
2026-05-14 14:26:04,embarque,1.843,2.0,1,0.921,10.78,5.85,6.35,True,2,ABRIR
2026-05-14 14:26:07,checkin,1.05,0.286,5,0.735,1.21,1.15,4.65,True,5,OK
2026-05-14 14:26:07,bagdrop,0.75,0.5,2,0.75,1.93,2.57,4.57,True,2,OK
2026-05-14 14:26:07,seguridad,2.6,0.833,4,0.78,1.99,0.76,1.96,True,4,OK
2026-05-14 14:26:07,pasaportes,0.993,0.5,3,0.662,0.86,0.86,2.86,True,3,OK
2026-05-14 14:26:07,embarque,2.104,2.0,2,0.526,0.4,0.19,0.69,True,2,OK
2026-05-14 14:26:10,checkin,0.91,0.286,5,0.637,0.5,0.55,4.05,True,4,CERRAR
2026-05-14 14:26:10,bagdrop,0.65,0.5,2,0.65,0.95,1.46,3.46,True,2,OK
2026-05-14 14:26:10,seguridad,2.6,0.833,4,0.78,1.99,0.76,1.96,True,4,OK
2026-05-14 14:26:10,pasaportes,0.593,0.5,3,0.395,0.09,0.15,2.15,True,2,CERRAR
2026-05-14 14:26:10,embarque,1.504,2.0,2,0.376,0.12,0.08,0.58,True,1,CERRAR
2026-05-14 14:26:13,checkin,0.98,0.286,4,0.857,4.23,4.32,7.82,True,4,OK
2026-05-14 14:26:13,bagdrop,0.7,0.5,2,0.7,1.35,1.92,3.92,True,2,OK
2026-05-14 14:26:13,seguridad,2.2,0.833,4,0.66,0.72,0.33,1.53,True,3,CERRAR
2026-05-14 14:26:13,pasaportes,0.698,0.5,2,0.698,1.32,1.89,3.89,True,2,OK
2026-05-14 14:26:13,embarque,1.751,2.0,1,0.876,6.16,3.52,4.02,True,1,OK
2026-05-14 14:26:16,checkin,1.12,0.286,4,0.98,46.84,41.82,45.32,True,5,CRITICO
2026-05-14 14:26:16,bagdrop,0.8,0.5,2,0.8,2.84,3.56,5.56,True,2,OK
2026-05-14 14:26:16,seguridad,3.0,0.833,3,1.0,inf,inf,inf,False,4,CRITICO
2026-05-14 14:26:16,pasaportes,1.237,0.5,2,1.0,inf,inf,inf,False,3,CRITICO
2026-05-14 14:26:16,embarque,2.181,2.0,1,1.0,inf,inf,inf,False,2,CRITICO
2026-05-14 14:26:19,checkin,0.7,0.286,5,0.49,0.12,0.17,3.67,True,3,CERRAR
2026-05-14 14:26:19,bagdrop,0.5,0.5,2,0.5,0.33,0.67,2.67,True,2,OK
2026-05-14 14:26:19,seguridad,1.8,0.833,4,0.54,0.25,0.14,1.34,True,3,CERRAR
2026-05-14 14:26:19,pasaportes,0.603,0.5,3,0.402,0.1,0.16,2.16,True,2,CERRAR
2026-05-14 14:26:19,embarque,1.499,2.0,2,0.375,0.12,0.08,0.58,True,1,CERRAR
2026-05-14 14:26:22,checkin,1.82,0.286,3,1.0,inf,inf,inf,False,7,CRITICO
2026-05-14 14:26:22,bagdrop,1.3,0.5,2,1.0,inf,inf,inf,False,3,CRITICO
2026-05-14 14:26:22,seguridad,6.1,0.833,3,1.0,inf,inf,inf,False,6,CRITICO
2026-05-14 14:26:22,pasaportes,3.286,0.5,2,1.0,inf,inf,inf,False,7,CRITICO
2026-05-14 14:26:22,embarque,5.982,2.0,1,1.0,inf,inf,inf,False,4,CRITICO
2026-05-14 14:26:25,checkin,1.96,0.286,7,0.98,46.08,23.51,27.01,True,8,CRITICO
2026-05-14 14:26:25,bagdrop,1.4,0.5,3,0.933,12.27,8.77,10.77,True,4,ABRIR
2026-05-14 14:26:25,seguridad,6.1,0.833,6,1.0,inf,inf,inf,False,6,CRITICO
2026-05-14 14:26:25,pasaportes,3.136,0.5,7,0.896,6.12,1.95,3.95,True,7,OK
2026-05-14 14:26:25,embarque,4.257,2.0,4,0.532,0.24,0.06,0.56,True,3,CERRAR
2026-05-14 14:26:28,checkin,1.47,0.286,8,0.643,0.34,0.23,3.73,True,6,CERRAR
2026-05-14 14:26:28,bagdrop,1.05,0.5,4,0.525,0.22,0.21,2.21,True,3,CERRAR
2026-05-14 14:26:28,seguridad,4.3,0.833,6,0.86,3.97,0.92,2.12,True,6,OK
2026-05-14 14:26:28,pasaportes,2.634,0.5,7,0.753,1.19,0.45,2.45,True,6,CERRAR
2026-05-14 14:26:28,embarque,4.608,2.0,3,0.768,1.97,0.43,0.93,True,3,OK
2026-05-14 14:26:31,checkin,2.17,0.286,6,1.0,inf,inf,inf,False,9,CRITICO
2026-05-14 14:26:31,bagdrop,1.55,0.5,3,1.0,inf,inf,inf,False,4,CRITICO
2026-05-14 14:26:31,seguridad,5.0,0.833,6,1.0,inf,inf,inf,False,6,CRITICO
2026-05-14 14:26:31,pasaportes,3.362,0.5,6,1.0,inf,inf,inf,False,8,CRITICO
2026-05-14 14:26:31,embarque,5.169,2.0,3,0.861,4.66,0.9,1.4,True,3,OK
2026-05-14 14:26:34,checkin,2.31,0.286,9,0.898,6.01,2.6,6.1,True,9,OK
2026-05-14 14:26:34,bagdrop,1.65,0.5,4,0.825,3.03,1.83,3.83,True,4,OK
2026-05-14 14:26:34,seguridad,5.2,0.833,6,1.0,inf,inf,inf,False,6,CRITICO
2026-05-14 14:26:34,pasaportes,2.335,0.5,8,0.584,0.17,0.07,2.07,True,6,CERRAR
2026-05-14 14:26:34,embarque,5.232,2.0,3,0.872,5.24,1.0,1.5,True,3,OK
2026-05-14 14:26:37,checkin,1.54,0.286,9,0.599,0.18,0.11,3.61,True,6,CERRAR
2026-05-14 14:26:37,bagdrop,1.1,0.5,4,0.55,0.28,0.25,2.25,True,3,CERRAR
2026-05-14 14:26:37,seguridad,4.8,0.833,6,0.96,21.4,4.46,5.66,True,6,OK
2026-05-14 14:26:37,pasaportes,2.34,0.5,6,0.78,1.7,0.72,2.72,True,6,OK
2026-05-14 14:26:37,embarque,4.03,2.0,3,0.672,0.92,0.23,0.73,True,3,OK
2026-05-14 14:26:40,checkin,2.38,0.286,6,1.0,inf,inf,inf,False,9,CRITICO
2026-05-14 14:26:40,bagdrop,1.7,0.5,3,1.0,inf,inf,inf,False,4,CRITICO
2026-05-14 14:26:40,seguridad,6.4,0.833,6,1.0,inf,inf,inf,False,6,CRITICO
2026-05-14 14:26:40,pasaportes,2.97,0.5,6,0.99,96.27,32.41,34.41,True,7,CRITICO
2026-05-14 14:26:40,embarque,5.165,2.0,3,0.861,4.63,0.9,1.4,True,3,OK
2026-05-14 14:26:43,checkin,2.24,0.286,9,0.871,4.09,1.83,5.33,True,9,OK
2026-05-14 14:26:43,bagdrop,1.6,0.5,4,0.8,2.39,1.49,3.49,True,4,OK
2026-05-14 14:26:43,seguridad,5.7,0.833,6,1.0,inf,inf,inf,False,6,CRITICO
2026-05-14 14:26:43,pasaportes,2.141,0.5,7,0.612,0.28,0.13,2.13,True,5,CERRAR
2026-05-14 14:26:43,embarque,4.204,2.0,3,0.701,1.16,0.27,0.77,True,3,OK
2026-05-14 14:26:46,checkin,1.47,0.286,9,0.572,0.12,0.08,3.58,True,6,CERRAR
2026-05-14 14:26:46,bagdrop,1.05,0.5,4,0.525,0.22,0.21,2.21,True,3,CERRAR
2026-05-14 14:26:46,seguridad,5.2,0.833,6,1.0,inf,inf,inf,False,6,CRITICO
2026-05-14 14:26:46,pasaportes,2.635,0.5,5,1.0,inf,inf,inf,False,6,CRITICO
2026-05-14 14:26:46,embarque,5.683,2.0,3,0.947,16.14,2.84,3.34,True,3,OK
2026-05-14 14:26:49,checkin,2.03,0.286,6,1.0,inf,inf,inf,False,8,CRITICO
2026-05-14 14:26:49,bagdrop,1.45,0.5,3,0.967,27.19,18.75,20.75,True,4,CRITICO
2026-05-14 14:26:49,seguridad,5.2,0.833,6,1.0,inf,inf,inf,False,6,CRITICO
2026-05-14 14:26:49,pasaportes,2.935,0.5,6,0.978,42.48,14.47,16.47,True,7,CRITICO
2026-05-14 14:26:49,embarque,4.183,2.0,3,0.697,1.12,0.27,0.77,True,3,OK
2026-05-14 14:26:52,checkin,2.31,0.286,8,1.0,inf,inf,inf,False,9,CRITICO
2026-05-14 14:26:52,bagdrop,1.65,0.5,4,0.825,3.03,1.83,3.83,True,4,OK
2026-05-14 14:26:52,seguridad,5.3,0.833,6,1.0,inf,inf,inf,False,6,CRITICO
2026-05-14 14:26:52,pasaportes,1.996,0.5,7,0.57,0.18,0.09,2.09,True,5,CERRAR
2026-05-14 14:26:52,embarque,5.127,2.0,3,0.854,4.33,0.85,1.35,True,3,OK
2026-05-14 14:26:55,checkin,2.1,0.286,9,0.817,2.09,1.0,4.5,True,8,CERRAR
2026-05-14 14:26:55,bagdrop,1.5,0.5,4,0.75,1.53,1.02,3.02,True,4,OK
2026-05-14 14:26:55,seguridad,6.3,0.833,6,1.0,inf,inf,inf,False,6,CRITICO
2026-05-14 14:26:55,pasaportes,2.809,0.5,5,1.0,inf,inf,inf,False,6,CRITICO
2026-05-14 14:26:55,embarque,5.971,2.0,3,0.995,201.38,33.73,34.23,True,4,CRITICO
2026-05-14 14:26:58,checkin,3.36,0.286,8,1.0,inf,inf,inf,False,12,CRITICO
2026-05-14 14:26:58,bagdrop,2.4,0.5,4,1.0,inf,inf,inf,False,6,CRITICO
2026-05-14 14:26:58,seguridad,10.1,0.833,6,1.0,inf,inf,inf,False,6,CRITICO
2026-05-14 14:26:58,pasaportes,5.486,0.5,6,1.0,inf,inf,inf,False,8,CRITICO
2026-05-14 14:26:58,embarque,10.882,2.0,4,1.0,inf,inf,inf,False,4,CRITICO
2026-05-14 14:27:01,checkin,2.8,0.286,12,0.817,1.82,0.65,4.15,True,11,CERRAR
2026-05-14 14:27:01,bagdrop,2.0,0.5,6,0.667,0.57,0.28,2.28,True,5,CERRAR
2026-05-14 14:27:01,seguridad,9.1,0.833,6,1.0,inf,inf,inf,False,6,CRITICO
2026-05-14 14:27:01,pasaportes,4.124,0.5,8,1.0,inf,inf,inf,False,8,CRITICO
2026-05-14 14:27:01,embarque,9.463,2.0,4,1.0,inf,inf,inf,False,4,CRITICO
2026-05-14 14:27:04,checkin,2.8,0.286,11,0.891,5.12,1.83,5.33,True,11,OK
2026-05-14 14:27:04,bagdrop,2.0,0.5,5,0.8,2.22,1.11,3.11,True,5,OK
2026-05-14 14:27:04,seguridad,9.6,0.833,6,1.0,inf,inf,inf,False,6,CRITICO
2026-05-14 14:27:04,pasaportes,6.03,0.5,8,1.0,inf,inf,inf,False,8,CRITICO
2026-05-14 14:27:04,embarque,9.985,2.0,4,1.0,inf,inf,inf,False,4,CRITICO
2026-05-14 14:27:07,checkin,3.64,0.286,11,1.0,inf,inf,inf,False,12,CRITICO
2026-05-14 14:27:07,bagdrop,2.6,0.5,5,1.0,inf,inf,inf,False,6,CRITICO
2026-05-14 14:27:07,seguridad,10.3,0.833,6,1.0,inf,inf,inf,False,6,CRITICO
2026-05-14 14:27:07,pasaportes,4.109,0.5,8,1.0,inf,inf,inf,False,8,CRITICO
2026-05-14 14:27:07,embarque,7.921,2.0,4,0.99,97.6,12.32,12.82,True,4,CRITICO
2026-05-14 14:27:10,checkin,4.13,0.286,12,1.0,inf,inf,inf,False,12,CRITICO
2026-05-14 14:27:10,bagdrop,2.95,0.5,6,0.983,56.3,19.08,21.08,True,7,CRITICO
2026-05-14 14:27:10,seguridad,10.6,0.833,6,1.0,inf,inf,inf,False,6,CRITICO
2026-05-14 14:27:10,pasaportes,5.192,0.5,8,1.0,inf,inf,inf,False,8,CRITICO
2026-05-14 14:27:10,embarque,8.204,2.0,4,1.0,inf,inf,inf,False,4,CRITICO
2026-05-14 14:27:13,checkin,2.52,0.286,12,0.735,0.66,0.26,3.76,True,10,CERRAR
2026-05-14 14:27:13,bagdrop,1.8,0.5,7,0.514,0.09,0.05,2.05,True,4,CERRAR
2026-05-14 14:27:13,seguridad,9.3,0.833,6,1.0,inf,inf,inf,False,6,CRITICO
2026-05-14 14:27:13,pasaportes,5.696,0.5,8,1.0,inf,inf,inf,False,8,CRITICO
2026-05-14 14:27:13,embarque,10.127,2.0,4,1.0,inf,inf,inf,False,4,CRITICO
2026-05-14 14:27:16,checkin,3.99,0.286,10,1.0,inf,inf,inf,False,12,CRITICO
2026-05-14 14:27:16,bagdrop,2.85,0.5,4,1.0,inf,inf,inf,False,7,CRITICO
2026-05-14 14:27:16,seguridad,10.7,0.833,6,1.0,inf,inf,inf,False,6,CRITICO
2026-05-14 14:27:16,pasaportes,4.704,0.5,8,1.0,inf,inf,inf,False,8,CRITICO
2026-05-14 14:27:16,embarque,10.673,2.0,4,1.0,inf,inf,inf,False,4,CRITICO
2026-05-14 14:27:19,checkin,3.5,0.286,12,1.0,inf,inf,inf,False,12,CRITICO
2026-05-14 14:27:19,bagdrop,2.5,0.5,7,0.714,0.81,0.32,2.32,True,6,CERRAR
2026-05-14 14:27:19,seguridad,8.6,0.833,6,1.0,inf,inf,inf,False,6,CRITICO
2026-05-14 14:27:19,pasaportes,4.817,0.5,8,1.0,inf,inf,inf,False,8,CRITICO
2026-05-14 14:27:19,embarque,8.641,2.0,4,1.0,inf,inf,inf,False,4,CRITICO
2026-05-14 14:27:22,checkin,3.08,0.286,12,0.898,5.61,1.82,5.32,True,12,OK
2026-05-14 14:27:22,bagdrop,2.2,0.5,6,0.733,1.08,0.49,2.49,True,5,CERRAR
2026-05-14 14:27:22,seguridad,8.0,0.833,6,1.0,inf,inf,inf,False,6,CRITICO
2026-05-14 14:27:22,pasaportes,4.35,0.5,8,1.0,inf,inf,inf,False,8,CRITICO
2026-05-14 14:27:22,embarque,7.275,2.0,4,0.909,8.1,1.11,1.61,True,4,OK
2026-05-14 14:27:25,checkin,4.55,0.286,12,1.0,inf,inf,inf,False,12,CRITICO
2026-05-14 14:27:25,bagdrop,3.25,0.5,5,1.0,inf,inf,inf,False,7,CRITICO
2026-05-14 14:27:25,seguridad,11.6,0.833,6,1.0,inf,inf,inf,False,6,CRITICO
2026-05-14 14:27:25,pasaportes,5.755,0.5,8,1.0,inf,inf,inf,False,8,CRITICO
2026-05-14 14:27:25,embarque,11.123,2.0,4,1.0,inf,inf,inf,False,4,CRITICO
